Key,Russian,English,German,French,Portuguese,Spanish,Italian,Romanian,Turkish,Polish,Czech,Korean,Chinese,TraditionalChinese,BrazilianPortuguese
Lessons1.1,"Добро пожаловать в Metro Simulator!
Сегодня мы научимся управлять поездом метро. Рассмотрим основы управления: переключение реверса, движение, работу информатора, открытие дверей и прочее. Проедем один перегон до станции Ломоносовский проспект.","Welcome to Metro Simulator!
Today we will learn about driving the train. We will look at the basic controls: using the reverse switch, moving the train, controlling the auto-informer, opening doors and so on. Also, we will drive to the «Lomonosovskiy Prospect» station.","Willkommen beim Metro Simulator!
Heute lernen wir das Fahren des Zuges. Wir betrachten die grundlegenden Bedienelemente: Mit dem Rückwärtsschalter, dem Zugfahren, dem Steuern des Auto-Informers, dem Öffnen von Türen usw.. Wir werden auch zur Station «Lomonosovskiy Prospect» fahren.","Bienvenue dans Metro Simulator! 
Aujourd’hui nous allons apprendre à conduire le train. Nous allons voir les contrôles de base : Utiliser l’inverseur, déplacer le train, contrôler l’auto-informateur, ouvrir les portes et ainsi de suite. Nous conduirons également jusqu’à la station «Lomonosovskiy Prospect».","Bem vindo ao Metro Simulator!                                                   
 Hoje vamos aprender a dirigir o trem. Vamos olhar para os controles básicos: usando o interruptor de reversor, movendo o trem, controlando o auto-informante, abrindo as portas e assim por diante. Além disso, iremos para a estação «Lomonosovskiy Prospect».","¡Bienvenido a Metro Simulator! 
Hoy aprenderemos a conducir un tren. Veremos los controles básicos: usar el controlador inverso, mover el tren, ajustar el autoinformador, abrir puertas, etc. También conduciremos hacia la estación Lomonosovskiy Prospekt.","Benvenuto in Metro Simulator!
Oggi impareremo a guidare il treno. Osserveremo i controlli di base: utilizzando l'interruttore di retromarcia, spostando il treno, controllando l'autoinformatore, aprendo le porte e così via. Inoltre, guideremo fino alla stazione «Vista Lomonosovskiy». ","Bun venit în Metro Simulator! Astăzi vom învăța despre cum se conduce un tren. Vom învăța comenzile de bază: mersul înapoi și înainte, vom învăța cum se pune în mișcare trenul, vom folosi sistemul de anunțare și vom învăța cum se închid și deschid ușile. De asemenea, vom conduce spre stația «Lomonosovskiy Prospect».","Metro Simulator hoş geldiniz!
Bugün treni sürmeyi öğreneceğiz. Temel kontrollere bakacağız: düğmeleri kullanma, treni hareket ettirme, otomatik bilgilendiriciyi kontrol etme, kapıları açma vb. Ayrıca, «Lomonosovskiy Prospect» istasyonuna gideceğiz.","Witamy w Metro Simulator!
Dziś dowiesz się jak prowadzić pociąg. Przyjrzymy się podstawowym elementom sterującym: użycie przełącznika wstecznego, jazdy pociągiem, sterowanie auto-informatorem, otwieranie drzwi i tak dalej. Przejedziemy także do stacji «Łomonosowski Prospect».","Vítejte v Metro Simulatoru!
Dnes se dozvíme o řízení vlaku. Podíváme se na základní ovládací prvky: přepínačem zpět, pohybem vlaku, ovládáním autohlásiče, otevíráním dveří a podobně. Také se vydáme na stanici «Lomonosovskiy Prospect».","Metro Simulator 에 오신 것을 환영합니다!
 지금부터 열차를 운전하는 방법을 알아보겠습니다. 역전간 사용, 열차 이동, 자동 안내방송 장치 제어, 출입문 조작 등을 알아보고 «로모노소브스키 프로스펙트역까지 운전할 것 입니다.","欢迎来到Metro Simulator！
今天我们将学习如何驾驶地铁列车  首先我们将看一下基本控制：调整档位，驾驶列车，控制自动变压器，打开车门等  此外，我们将开车到罗蒙诺索夫大道站» ","歡迎來到Metro Simulator！
今天我們將學習如何駕駛地鐵列車  首先我們將看一下基本控制：調整檔位，駕駛列車，控制自動變壓器，打開車門等  此外，我們將開車到羅蒙諾索夫大道站» ","Bem vindo ao Metro Simulator!
Hoje iremos aprender como dirigir um trem. Vamos dar uma olhada nos controle básicos: usando o interruptor reverso, movendo o trem, controlando o auto-informante, abrir as portas e por aí vai. Também vamos dirigir até a estação «Lomonosovskiy Prospect»"
Lessons1.2,У нас есть два способа взаимодействовать с переключателями в кабине поезда. Можно найти нужный переключатель и щелкнуть левой кнопкой мыши. Другой способ – нажать соответствующую кнопку на клавиатуре. Вы можете поменять назначение клавиш в настройках игры. Также в любой момент вы можете включить показ курсора мышки – клавиша Backspace.,We have 2 ways to interact with buttons and switches in the cabin. First – you can just find the switch and press Left Mouse Button. Second – you also can press appropriate key on your keyboard. You can always change key bindings in Settings. You can also press Backspace to show mouse cursor.,"Es gibt zwei Möglichkeiten, mit Tasten und Schaltern in der Kabine zu interagieren. Erstens - Sie können den Schalter einfach finden und die linke Maustaste drücken. Zweitens - Sie können auch die entsprechende Taste auf Ihrer Tastatur drücken. Sie können Tastenkombinationen jederzeit in den Einstellungen ändern. Sie können auch die Rücktaste drücken, um den Mauszeiger anzuzeigen.","Nous avons deux moyens d’interagir avec les différents boutons et interrupteurs dans la cabine. Premièrement – vous pouvez simplement survolez l’interrupteur et appuyer sur le bouton gauche de la souris. Deuxièmement – vous pouvez également appuyer sur le raccourci clavier correspondant. Vous pouvez toujours changer les raccourcis clavier dans le menu des options. 
Vous pouvez aussi appuyer sur «Retour arrière» pour faire apparaître le curseur de la souris.","Temos 2 maneiras de interagir com botões e interruptores na cabine. Primeiro, você pode simplesmente encontrar o interruptor e pressionar o botão esquerdo do mouse. Segundo - você também pode pressionar a tecla apropriada no seu teclado. Você sempre pode alterar as combinações de teclas em Configurações. Você também pode pressionar Backspace para mostrar o cursor do mouse.","Tenemos 2 formas de interactuar con los botones e interruptores en la cabina. En primer lugar, puedes buscar el interruptor en la cabina y hacer clic izquierdo con el mouse sobre el mismo. En segundo lugar, puedes pulsar la tecla asociada en el teclado. Tienes la posibilidad de editar las teclas en los Ajustes. También puedes presionar el botón «Retroceso/Backspace» para mostrar el cursor.","Abbiamo 2 modi per interagire con pulsanti e interruttori in cabina. Innanzitutto, puoi trovare l'interruttore e premere il pulsante sinistro del mouse. Secondo: puoi anche premere il tasto appropriato sulla tastiera. Puoi sempre modificare le impostazioni dei tasti in Impostazioni. Puoi anche premere Backspace per mostrare il cursore del mouse.","Există 2 posibilități pentru a manipula butoanele și manșele. Prima metodă – găsește manșa și apasă butonul din stânga al mouse-ului. A doua metodă – apasă butonul corespunzător de pe tastatură. Poți schimba asocierea tastelor în setări. De asemenea, poți apăsa Backspace pentru a vedea cursorul mouse-ului. ","Kabindeki düğmeler ve anahtarlar etkileşimin 2 yolu var. İlk olarak - anahtarı bulabilir ve düğmeye bakarak, Sol Fare Düğmesine basabilirsiniz. İkincisi - klavyenizdeki uygun tuşa da basabilirsiniz. Tuş atamalarını istediğiniz zaman Ayarlar'da değiştirebilirsiniz. Fare imlecini göstermek için Geri (Backspace) tuşuna da basabilirsiniz.","Mamy dwie możliwości interakcji z przyciskami i przełącznikami w kabinie. Po pierwsze - wystarczy znaleźć przełącznik i nacisnąć go lewym przyciskiem myszki. Po drugie - możesz nacisnąć odpowiedni klawisz na klawiaturze. Zawsze możesz zmienić przypisanie klawiszy w Ustawieniach. Możesz także nacisnąć klawisz Backspace, aby wyświetlić kursor myszy.","Máme 2 způsoby, jak komunikovat s tlačítky a přepínači v kabině. Nejprve - stačí najít přepínač a stisknout levé tlačítko myši. Za druhé - můžete také stisknout příslušnou klávesu na klávesnici. Vazby můžete vždy změnit v Nastavení. Kurzor myši můžete zobrazit také stisknutím klávesy Backspace.","차내에 있는 버튼과 스위치류를 조작하는 방법은 두가지가 있습니다.
 1. 버튼 혹은 스위치를 바라보면서 마우스 좌클릭
 2. 키보드 단축키 입력
 Backspace키를 눌러 마우스 커서를 켜거나 끌수있습니다.",无论是换车厢还是按按钮，同样的行为我们有两种方式去实现  首先 - 您可以在面板找到开关并鼠标左键电击  第二 - 您也可以按键盘上的相应键 您始终可以在“设置”中更改键位  您也可以按Backspace显示鼠标光标,無論是換車廂還是按按鈕，同樣的行為我們有兩種方式去實現  首先 - 您可以在面板找到開關並鼠標左鍵電擊  第二 - 您也可以按鍵盤上的相應鍵 您始終可以在“設置”中更改鍵位  您也可以按Backspace顯示鼠標光標,Temos duas maneiras de interagir com os botões e interruptores dentro da cabine. Primeiramente - você pode procurar o interruptor e pressionar o botão esquerdo do mouse. Segundo - você pode também pressionar as teclas apropriadas no seu teclado. Você sempre tem a opção de mudar a configuração das teclas no menu de opções. Você também pode pressionar Backspace para mostrar o ponteiro do mouse.
Lessons1.3,"Прежде всего, нам нужно включить батареи. Найдите соответствующий выключатель и щелкните по нему левой кнопкой мыши или просто нажмите кнопку - {0:N1}.","First of all, we need to turn on the batteries. Now find Battery switch and left-click on it or just press - {0:N1}.",Zuerst müssen wir die Batterien einschalten. Suchen Sie nun den Batterieschalter und klicken Sie mit der linken Maustaste darauf oder drücken Sie einfach - {0:N1}.,"Premièrement, nous devons allumer les batteries. Trouvez cet interrupteur de batterie, et appuyez sur le bouton gauche de la souris, ou appuyez sur {0:N1}.","Primeiro de tudo, precisamos ligar as baterias. Agora localize o interruptor da bateria e clique com o botão esquerdo ou pressione - {0:N1}.","Primero necesitamos encender las baterías. Busque el interruptor de la batería y haga clic izquierdo en él, o simplemente pulse - {0:N1}.","Prima di tutto, abbiamo bisogno di accendere le batterie. Ora trova l'interruttore Batteria e fai clic con il pulsante sinistro del mouse su di esso o premi semplicemente - {0:N1}.","Mai întâi, trebuie să pornești bateria. Găsește butonul de acționare a bateriei și dă click stânga pe el sau pur și simplu apasă - {0:N1}.","Her şeyden önce, bataryaları aktif hale getirmemiz gerekiyor. Şimdi Batarya düğmesini bulun ve sol tıklayın veya sadece - {0:N1} tuşuna basın.",Przede wszystkim musimy załączyć baterie. Znajdź przełącznik baterii i kliknij go lewym przyciskiem myszy lub po prostu naciśnij {0:N1},Nejprve musíme zapnout baterie. Nyní najděte přepínač baterie a klepněte na něj levým tlačítkem myši nebo stačí stisknout tlačítko - {0:N1}.,"먼저, 배터리를 켜봅시다. 배터리 스위치를 찾아 마우스로 클릭하거나 {0:N1}키를 눌러주세요.",首先，我们需要打开电源 现在找到电源开关并鼠标左键点击之，或是按键盘{0:N1},首先，我們需要打開電源 現在找到電源開關並鼠標左鍵點擊之，或是按鍵盤{0:N1},"Primeiramente, precisamos ligar as baterias. Ache o interruptor da bateria e clique com o botão esquerdo ou pressione {0:N1}."
Lessons1.4,"Установим информатор. Он служит для того, чтобы проигрывать объявления остановок пассажирам. Учтите, что в игре следует вовремя объявлять станции. Если вы не будете этого делать, в режиме сценариев не получится набрать необходимое для прохождения количество очков. Справа от окна информатора найдите кнопки с изображением стрелок. С помощью них нужно выбрать маршрут. Сейчас нам нужен «№77 Петровский парк – Раменки». Обратите внимание – если движение осуществляется по первому пути, должна быть нажата кнопка «Выбор маршрута». Нажмите её. Должна загореться подсветка. А затем нажмите кнопку «Установка в начало», которая располагается левее. ","Now let’s set up auto-informer. It plays names of stations to passengers. Keep in mind that you will have to turn it on in time. If you fail to do this, you will not be able to get enough points to complete the scenario. You can see arrow buttons to the right of the auto-informer panel. Select «№77 Petrovskiy Park – Ramenki» route using these buttons. Pay attention that if you are moving on the first track, you should press «Route selection» button. Press it and you should see that backlight has turned on. Press «Set to beginning» button, it is situated to the left of the auto-informer panel.","Lassen Sie uns jetzt Auto-Informer einrichten. Es spielt Namen von Stationen für Passagiere. Denken Sie daran, dass Sie es rechtzeitig aktivieren müssen. Wenn Sie dies nicht tun, erhalten Sie nicht genügend Punkte, um das Szenario abzuschließen. Rechts neben dem Auto-Informer-Fenster sehen Sie Pfeilschaltflächen. Wählen Sie die Route «№77 Petrovskiy Park - Ramenki» mit diesen Tasten. Achten Sie darauf, dass Sie, wenn Sie sich auf dem ersten Track bewegen, die Schaltfläche «Routenauswahl» drücken sollten. Drücken Sie die Taste, um zu sehen, dass die Hintergrundbeleuchtung eingeschaltet ist. Drücken Sie die Taste «Beginnen», sie befindet sich links vom Auto-Informer-Bedienfeld.","Maintenant, paramétrons l’auto-informateur. Cet appareil indique les noms des stations aux passagers. Rappelez-vous que vous devrez l’activer au bon moment. Si vous ne parvenez pas à le faire, vous n’obtiendrez pas assez de points pour compléter le scénario. Vous pourrez observer des boutons en forme de flèches sur la droite du panneau de l’auto-informateur. Sélectionnez la ligne «№77 Petrovskiy Park – Ramenki» en utilisant ces boutons. Faites attention, si vous vous déplacez sur la voie primaire, vous devez appuyer sur le bouton «Sélection de route». Appuyez dessus, et vous devriez observer que le rétro-éclairage s’est allumé. Appuyez sur «Mettre au début», il est situé sur la gauche du panneau de l’auto-informateur.","Agora vamos configurar o letreiro. Ele toca nomes das estações para os passageiros. Tenha em mente que você terá que ativá-lo a tempo. Se você não conseguir fazer isso, não conseguirá obter pontos suficientes para concluir o cenário. Você pode ver os botões de seta à direita do painel do informante automático. Selecione a rota «№77 Petrovskiy Park - Ramenki» usando estes botões. Preste atenção que se você está se movendo na primeira faixa, você deve pressionar o botão «Seleção de rota». Pressione e você verá que a luz de fundo foi ligada. Pressione o botão «Definir como início», ele está situado à esquerda do painel do informante automático.","Ahora configuremos el autoinformador. El mismo reproduce los nombres de las estaciones para los pasajeros. Ten en cuenta que tendrás que encenderlo a tiempo. Si no lo haces, no podrás obtener los puntos suficientes para completar el escenario. Al costado derecho del panel autoinformador puedes ver unos botones de flecha. Selecciona la ruta «Nº 77 Petrovskiy Park - Ramenki» usando esos botones. Ten en cuenta que si te estás moviendo en el primer carril debes presionar el botón de «Selección de ruta». Presiónalo y verás cómo se enciende la luz de fondo. Presiona el botón «Comenzar desde el principio», el cual se sitúa al costado izquierdo del panel autoinformador.","Ora impostiamo l'autoinformatore. Suona nomi di stazioni per i passeggeri. Tieni presente che dovrai accenderlo in tempo. Se non lo fai, non sarai in grado di ottenere abbastanza punti per completare lo scenario. Puoi vedere i pulsanti freccia a destra del pannello di auto-informatore. Seleziona il percorso «№77 Parco Petrovskiy - Ramenki» utilizzando questi pulsanti. Fai attenzione che se ti stai spostando sulla prima traccia, dovresti premere il pulsante «Seleziona percorso». Premilo e dovresti vedere che la retroilluminazione è accesa. Premere il pulsante «Avvia all'inizio», si trova a sinistra del pannello di auto-informatore.","Acum să setăm sistemul de informare al călătorilor. Acest sistem anunță pasagerii cu privire la stațiile care urmează. Ține minte că trebuie setat de fiecare dată. Dacă nu reușești să faci asta, nu vei putea acumula suficiente puncte pentru a termina scenariul. În dreapta panoului, poți găsi butoanele cu săgeți. Selectează ruta «№77 Petrovskiy Park – Ramenki», folosind acele butoane. Atenție, dacă ești pe prima direcție, trebuie să apeși butonul «Selectare Rută». Apasă-l și vei putea vedea că panoul a pornit. Apasă butonul «Setează de la început», este situat în stânga panoului de informare. ","Şimdi otomatik bilgilendirici ayarlayalım. İstasyonların isimlerini yolculara dinletir. Zamanında açmanız gerekeceğini unutmayın. Bunu başaramazsanız, senaryoyu tamamlamak için yeterli puan alamazsınız. Otomatik bilgilendirme panelinin sağındaki ok düğmelerini görebilirsiniz. Bu düğmeleri kullanarak «№77 Petrovskiy Park - Ramenki» güzergahını seçin. İlk hatta ilerliyorsanız «Rota seçimi» düğmesine basmanız gerektiğini unutmayın. Basın ve arka ışığın açıldığını görmelisiniz. «Başlangıca ayarla» düğmesine basın, otomatik bilgilendirme panelinin solunda bulunur.","Teraz skonfigurujmy auto-informator. Odtwarza on nazwy stacji dla pasażerów. Pamiętaj, że będziesz musiał go włączać w odpowiednim momencie. Jeśli tego nie zrobisz, nie będziesz w stanie zdobyć wystarczającej liczby punktów, aby ukończyć scenariusz. Możesz zobaczyć przyciski strzałek po prawej stronie panelu autoinformatora. Wybierz trasę «№77 Petrovskiy Park - Ramenki» za pomocą tych przycisków. Pamiętaj, że jeżeli poruszasz się po pierwszym torze, powinieneś wcisnąć przycisk «Wybór trasy». Po tym, powinieneś zobaczyć, że podświetlenie zostało włączone. Naciśnij przycisk «Ustaw na początek», znajduje się on po lewej stronie panelu autoinformatora.","Nyní vytvořme automatický hlásič. Přehrává jména stanic cestujícím. Mějte na paměti, že jej budete muset zapnout včas. Pokud tak neučiníte, nebudete schopni získat dostatek bodů k dokončení scénáře. Vpravo od panelu automatického informátoru můžete vidět tlačítka se šipkami. Pomocí těchto tlačítek vyberte trasu «№77 Petrovskiy Park - Ramenki». Věnujte pozornost tomu, že pokud se pohybujete na první stopě, stiskněte tlačítko «Výběr trasy». Stiskněte a měli byste vidět, že podsvícení bylo zapnuto. Stiskněte tlačítko «Nastavit na začátek», nachází se vlevo od panelu automatického hlásiče.","이제 자동 안내방송 장치를 설정해 보겠습니다. 이 장치는 승객에게 정거장의 이름을 알려줍니다. 제시간에 안내방송을 재생해야 한다는 것을 명심하세요. 그렇지 않으면 시나리오 완료에 필요한 충분한 점수를 얻을 수 없습니다. 
 자동 안내방송 장치 오른쪽을 보면 화살표가 그려져 있는 버튼이 있습니다. 이 버튼을 사용하여 «№77 페트로프스키 파르크 - 라멘키» 경로를 선택하세요. 1번 선로로 이동하는 경우 «경로 선택버튼을 눌러야합니다. 그것을 누르면 백라이트가 켜져있는 것을 볼 수 있습니다. 그 다음, 기기 왼쪽에 위치한 «처음으로 설정» 버튼을 눌러주세요",现在让我们来设置报站器 它为乘客播放车站信息 请记住，报站是不可或缺的 如果您未能及时报站，您将无法获得足够的积分来完成该场景 您可以看到报站器面板右侧的箭头按钮  使用这些按钮选择№77PetrovskiyPark - Ramenki路线 请注意，如果您要移动第一条声轨，则需要按路线选择按钮  执行后您应该能看到背光已打开 按设置为开始按钮，它位于自动模块面板的左侧,現在讓我們來設置報站器 它為乘客播放車站信息 請記住，報站是不可或缺的 如果您未能及時報站，您將無法獲得足夠的積分來完成該場景 您可以看到報站器面板右側的箭頭按鈕  使用這些按鈕選擇№77PetrovskiyPark - Ramenki路線 請註意，如果您要移動第一條聲軌，則需要按路線選擇按鈕  執行後您應該能看到背光已打開 按設置為開始按鈕，它位於自動模塊面板的左側,"Vamos ajudar o auto-informante. Ele anuncia os nomes da estações para os passageiros. Tenha em mente que você terá que usá-lo no tempo certo. Se falhar em fazer isso, você não vai conseguir pontos suficientes para completar o cenário. Você pode usar os botões ao lado direito do auto-informante. Selecione a rota «№77 Petrovskiy Park – Ramenki» usando esses botões. Fique atento se estiver se movendo na primeira linha, você deveria pressionar «Seleção de rota». Pressione e veja que agora a luz de fundo está acesa. Pressione «Por no começo», está situado ao lado esquerdo do painel do auto-informante"
Lessons1.5,"На экране информатора появился список аудиозаписей с названием станций. Теперь для того, чтобы проиграть запись, нужно нажать кнопку «Пуск записи» (на клавиатуре - {0:N1}). Попробуйте сделать это. Кстати, эта кнопка продублирована на панели, как и некоторые другие важные кнопки. ","Now you can see a list of stations on auto-informer screen. You need to press «Play recording» to play it (or you can press {0:N1} on keyboard). Try to do it. By the way, this button is duplicated on the panel, along with some other important buttons.","Nun sehen Sie eine Liste der Stationen auf dem Auto-Informer-Bildschirm. Sie müssen auf «Aufnahme abspielen» drücken, um sie abzuspielen (oder Sie können {0:N1} auf der Tastatur drücken). Diese Schaltfläche ist übrigens zusammen mit einigen anderen wichtigen Schaltflächen im Bedienfeld dupliziert.","Vous pouvez maintenant observer une liste des stations sur l’écran de l’auto-informateur. Appuyez sur «Jouer l’enregistrement» pour le démarrer (vous pouvez également appuyer sur {0:N1} sur le clavier). Essayez-le. Au fait, ce bouton est dupliqué sur le tableau de bord avec plusieurs autres boutons importants.","Agora você pode ver uma lista de estações na tela do letreiro. Você precisa pressionar «Play recording» para ativá-lo (ou você pode pressionar {0:N1} no teclado). Tente fazer isso. Aliás, este botão é duplicado no painel, juntamente com alguns outros botões importantes.","Ahora puedes ver una lista de estaciones en la pantalla del autoinformador. Debes presionar «Reproducir grabación» para reproducirlo (o puedes pulsar {0:N1} en tu teclado). Inténtalo. Por cierto, este botón está duplicado en el panel, junto a otros botones importantes.","Ora puoi vedere un elenco di stazioni sulla schermata dell'auto-informatore. È necessario premere «Riproduci registrazione» per riprodurlo (oppure è possibile premere {0:N1} sulla tastiera). Prova a farlo. A proposito, questo pulsante è duplicato sul pannello, insieme ad altri pulsanti importanti.","Acum poți vedea stațiile pe panoul de informare. Va trebui să apeși butonul «Redă înregistrarea» pentru a o porni (sau poți apăsa {0:N1} pe tastatură). Poți încerca asta. Apropo, acest buton se poate întâlni în mai multe locuri, alături de alte butoane importante","Artık otomatik bilgilendirici ekranında istasyonların bir listesini görebilirsiniz. Oynatmak için «Kaydı oynat» düğmesine basmanız gerekir (veya klavyede {0:N1} tuşuna basabilirsiniz). Hadi dene! Bu arada, bu düğme diğer bazı önemli düğmelerle birlikte panelde gösterilir.","Teraz możesz zobaczyć listę stacji na ekranie automatycznego informatora. Aby go odtworzyć, musisz nacisnąć «Odtwórz nagranie» (lub możesz nacisnąć {0:N1} na klawiaturze). Spróbuj to zrobić.","Nyní můžete vidět seznam stanic na obrazovce automatického hlásiče. Chcete-li je přehrát, musíte stisknout tlačítko «Přehrát záznam» (nebo můžete na klávesnici stisknout tlačítko {0:N1}). Zkuste to udělat. Mimochodem, toto tlačítko je duplikováno na panelu spolu s některými dalšími důležitými tlačítky.",이제 자동 안내방송 장치의 화면에서 정거장들의 목록을 확인할 수 있습니다. 안내방송을 재생하려면 «안내방송 재생버튼을 누르거나 단축키 {0:N1}를 눌러주세요.,现在，您可以在报站器屏幕上看到车站列表  您需要手动按报站才能执行（或者您可以按键盘上的{0:N1}) 现在尝试一下 顺便说一句，这个按钮在面板上是重复的，还有一些其他重要的按钮,現在，您可以在報站器屏幕上看到車站列表  您需要手動按報站才能執行（或者您可以按鍵盤上的{0:N1}) 現在嘗試一下 順便說一句，這個按鈕在面板上是重復的，還有一些其他重要的按鈕,Agora você pode ver a lista de estações na tela auto-informante. Você precisa pressionar «Tocar gravação» para tocá-la (ou você pode pressionar {0:N1} no seu teclado).
Lessons1.6,"Если вы проиграли какую-либо запись раньше времени или наоборот, пропустили, и вам нужно перейти к аудиозаписи, которая не следует в списке следующей, то вы можете выбрать нужную с помощью стрелок справа от экрана информатора. ","If you accidentally played a recording too early or missed it and you need to move to the next recording, you can select the needed one using arrow keys to the right of the auto-informer screen.","Wenn Sie versehentlich eine Aufnahme zu früh abgespielt, oder verpasst haben und Sie zur nächsten Aufnahme wechseln müssen, können Sie die gewünschte Aufnahme mit den Pfeiltasten rechts neben dem Auto-Informer-Bildschirm auswählen.","Si vous jouez un enregistrement trop tôt ou trop tard et que vous êtes au prochain enregistrement, vous pouvez sélectionner l’enregistrement approprié en utilisant les touches fléchées à droite de l’écran de l’auto-informateur.","Se acidentalmente você acionou uma gravação cedo demais ou perdeu e precisa passar para a próxima gravação, você pode selecionar a estação necessária usando as teclas de seta à direita da tela do letreiro.","Si por accidente reprodujiste una grabación demasiado pronto, u olvidaste hacerlo y necesitas pasar a la siguiente grabación, puedes seleccionar la grabación que necesites usando las teclas de flecha que se sitúan al costado derecho de la pantalla del autoinformador.","Se hai accidentalmente suonato una registrazione troppo presto o l'hai persa e hai bisogno di passare alla registrazione successiva, puoi selezionare quella necessaria usando i tasti freccia a destra della schermata dell'auto-informatore.","Dacă din greșeală ai pornit înregistrarea prea devreme sau nu ai anunțat (stația) și trebuie să pornești următoarea înregistrare, poți selecta anunțul dorit, folosind săgețile din dreapta panoului de informare a călătorilor.","Bir kaydı yanlışlıkla çok erken oynattıysanız veya kaçırdıysanız ve bir sonraki kayda geçmeniz gerekiyorsa, otomatik bilgilendirme ekranının sağındaki ok tuşlarını kullanarak gerekli kaydı seçebilirsiniz.","eśli przypadkowo odtworzyłeś nagranie zbyt wcześnie lub przegapiłeś je i musisz przejść do następnego nagrania, możesz wybrać potrzebne nagranie za pomocą klawiszy strzałek po prawej stronie ekranu autoinformatora.","Pokud jste omylem přehráli nahrávku příliš brzy nebo jste ji zmeškali a potřebujete přejít k dalšímu záznamu, můžete pomocí tlačítek se šipkami vpravo od obrazovky automatického informátoru vybrat potřebný záznam.",실수로 안내방송을 너무 일찍 재생했거나 깜빡했다면 기기 오른쪽에 있는 화살표 모양 버튼으로 순서를 조정할 수 있습니다.,如果您错误地报站了并需要调整到正确的车站播报，您可以使用报站器屏幕右侧的上下按键选择所需的播报,如果您錯誤地報站了並需要調整到正確的車站播報，您可以使用報站器屏幕右側的上下按鍵選擇所需的播報,"Se você acidentalmente tocar uma gravação antes do tempo ou esquecer de tocar uma e precisar ir para a próxima gravação, você pode selecionar uma usando as setas no lado direito da tela auto-informante."
Lessons1.7,"Хорошо. Сейчас мы находимся на втором пути и будем двигаться от станции «Раменки» в сторону станции «Ломоносовский проспект». У нас уже выбран этот маршрут, но он проигрывается в другую сторону. Поэтому отменим его, нажав на кнопку Esc справа от экрана информатора. ","Good. Now we going to travel from «Ramenki» station to «Lomonosovskiy prospect» station on the second track. We already have this route selected, but now it’s playing backwards. So, let’s cancel it by pressing Esc button to the right of auto-informer screen.","Gut. Nun fahren wir von der Station «Ramenki» zur Station «Lomonosovskiy prospect» auf der zweiten Spur. Wir haben diese Route bereits ausgewählt, aber jetzt wird sie rückwärts abgespielt. Lassen Sie uns den Vorgang also abbrechen, indem Sie die Esc-Taste rechts neben dem Auto-Informer-Bildschirm drücken.","Très bien ! Maintenant, nous devons nous rendre de la station «Ramenki» à la station «Lomonosovskiy prospect» sur la voie secondaire. Nous déjà sélectionné cette ligne, mais elle est jouée à l’envers, alors annulons-là en pressant le bouton Esc à la droite de l’écran de l’auto-informateur.","Boa. Agora vamos viajar da estação «Ramenki» para a estação «Lomonosovskiy prospect» na segunda pista. Já temos essa rota selecionada, mas agora ela está sendo reproduzida a rota ao contrário . Então, vamos cancelá-lo pressionando o botão Esc à direita da tela do letreiro.","Genial. Ahora viajaremos desde la estación Ramenki hacia la estación Lomonosovskiy Prospekt en el segundo carril. Ya tenemos la ruta seleccionada, pero ahora está configurada en la dirección opuesta. Así que vamos a cancelarlo presionando el botón «Esc» situado al costado derecho de la pantalla del autoinformador.","Buono. Ora andremo dalla stazione «Ramenki» alla stazione «Vista Lomonosovskiy» sulla seconda traccia. Abbiamo già selezionato questa rotta, ma ora è al contrario. Quindi, cancelliamolo premendo il pulsante Esc a destra della schermata di auto-informatore.","Bravo. Acum vom merge de la stația «Ramenki» până la stația «Lomonosovskiy prospect» pe linia a doua. Deja am selectat ruta, dar acum se redă învers. Deci, hai să o anulăm prin apăsarea tastei Esc, aflat în dreapta panoului de informare a călătorilor. ","Güzel. Şimdi ikinci hattan «Ramenki» istasyonundan «Lomonosovskiy prospect» istasyonuna gideceğiz. Bu rotayı zaten seçtik, ancak şimdi geriye doğru oynuyor. Öyleyse, otomatik bilgilendirme ekranının sağındaki Esc düğmesine basarak iptal edelim.","Dobrze. Teraz jedziemy ze stacji «Ramenki» do stacji «Lomonosovskiy prospect» na drugim torze. Ta trasa została już wybrana, ale teraz jest odtwarzana wstecz. Anulujmy to, naciskając przycisk Esc po prawej stronie ekranu autoinformatora.","Výborně. Nyní jedeme ze stanice «Ramenki» do stanice «Lomonosovská vyhlídka» na druhé trati. Tato trasa již byla vybrána, ale nyní hraje znovu. Zrušte to stisknutím tlačítka Esc vpravo od obrazovky automatického hlásiče.",좋습니다. 이제 우리는 2번 선로로 «라멘키역에서 «로모노소브스키 프로스펙트역으로 갈 것입니다. 이미 이 경로를 선택했지만 지금은 반대 방향으로 설정되어 있습니다. 자동 안내방송 장치 오른쪽의 Esc 버튼을 눌러 설정을 취소하세요.,很好 现在我们将从拉缅基站通过第2轨道前往罗蒙诺索夫大道站» 我们已经选择了这条路线的音轨，但它是相反方向的报站 所以，让我们来通过按报站器屏幕右侧的Esc按钮取消它,很好 現在我們將從拉緬基站通過第2軌道前往羅蒙諾索夫大道站» 我們已經選擇了這條路線的音軌，但它是相反方向的報站 所以，讓我們來通過按報站器屏幕右側的Esc按鈕取消它,"Muito bem. Agora viaje da estação «Ramenki» até a estação «Lomonosovskiy prospect» na segunda linha. Nós já temos essa rota selecionada, porém agora está ao contrário. Então, vamos cancelar pressionar a tecla Esc no lado direito da tela do auto-informante."
Lessons1.8,"Теперь снова выберите маршрут «№77 Петровский парк – Раменки», но теперь отпустите кнопку «Выбор маршрута», чтобы погасла её подсветка, а затем нажмите на кнопку «Установка в начало». Таким образом, мы устанавливаем обратный порядок проигрывания записей информатора при движении по второму пути. ","Now select «№77 Petrovskiy Park – Ramenki», but release «Select route» button (its backlight should turn off) and press «Set to beginning» button. Thus, we have selected reverse order of playing auto-informer recordings while moving on the second track.","Wählen Sie nun «№77 Petrovskiy Park - Ramenki», lassen Sie jedoch die Taste «Route auswählen» los (die Hintergrundbeleuchtung sollte sich ausschalten), und drücken Sie die Taste «Beginnen». Wir haben die umgekehrte Reihenfolge für die Wiedergabe von Auto-Informer-Aufnahmen gewählt, während wir uns auf der zweiten Spur bewegen.","Maintenant, sélctionnez «№77 Petrovskiy Park – Ramenki» mais relâchez le bouton «Sélection de route» (Il est rétro éclairé et devrait s’éteindre) et appuyez sur le bouton «Mettre au début». Nous avons maintenant sélectionné l’ordre inversé des enregistrements de l’auto-informateur en vous déplaçant sur la voie secondaire.","Agora selecione «№77 Petrovskiy Park - Ramenki», mas solte o botão «Select route» (sua luz de fundo deve desligar) e pressione o botão «Set to beginning». Assim, selecionamos a ordem inversa de reprodução de gravações do letreiro automático enquanto nos movemos na segunda faixa.","Ahora selecciona «Nº 77 Petrovskiy Park – Ramenki», y suelta el botón «Selección de ruta» (la luz de fondo debería apagarse) y presiona el botón «Comenzar desde el principio». Lo que hicimos fue configurar el autoinformador para que reproduzca las grabaciones al revés, a medida que avanzamos en el segundo carril.","Ora seleziona «№77 Petrovskiy Park - Ramenki», ma rilascia il pulsante «Seleziona percorso» (la sua retroilluminazione dovrebbe spegnersi) e premi «Imposta all'inizio». Pertanto, abbiamo selezionato l'ordine inverso per riprodurre le registrazioni degli auto-informatori mentre ci spostiamo sulla seconda traccia.","Acum selectează «№77 Petrovskiy Park – Ramenki», dar eliberează butonul «Selectare rută» (nu trebuie să mai fie aprins) și apasă butonul «Setare de la început». Astfel, înregistrarea a fost inversată și corespunde traseului pe care îl vei urma.","Şimdi «№77 Petrovskiy Park - Ramenki»'yi seçin, fakat «Rota seç» tuşunu bırakın (ışıkları kapanmalıdır) ve «Başlangıca ayarla» tuşuna basın. Böylece, ikinci pistte ilerlerken otomatik bilgilendirme kayıtlarını oynatmanın ters sırasını seçtik.","Teraz wybierz «№77 Petrovskiy Park - Ramenki», ale zwolnij przycisk «Wybierz trasę» (podświetlenie powinno się wyłączyć) i naciśnij przycisk «Ustaw na początek». W ten sposób, wybraliśmy odwrotną kolejność odtwarzania nagrań z automatycznymi informacjami podczas przechodzenia do drugiego toru.","Nyní vyberte «№77 Petrovskiy Park - Ramenki», ale uvolněte tlačítko «Vybrat trasu» (podsvícení by se mělo vypnout) a stiskněte tlačítko «Set to begin». Zvolili jsme tedy opačné pořadí přehrávání nahrávek autohlásiče při pohybu na druhé koleji.",이제 «№77 Petrovskiy Park – Ramenki를 선택하고 «경로 선택» 버튼을 누르세요 (백라이트가 꺼진 상태가 되게). 그리고 «처음으로 설정버튼을 누르세요. 이 작업으로 2번 선로로 운행하는 동안 안내방송이 역순으로 재생됩니다.,现在选择№77PetrovskiyPark - Ramenki，但要释放选择路线按钮（其背光应关闭）并按“设置为开始”按钮  这样，我们就能在第2轨道行驶时以合适的顺序报站,現在選擇№77PetrovskiyPark - Ramenki，但要釋放選擇路線按鈕（其背光應關閉）並按設置為開始按鈕  這樣，我們就能在第2軌道行駛時以合適的順序報站,"Agora selecione «№77 Petrovskiy Park – Ramenki», mas solte o botão «Selecionar rota» (a luz do painel deve desligar) e pressione botão «Ajustar para o Começo». Por tanto, selecionamos a ordem reversa das gravações do auto-informante enquanto movemos na segunda linha."
Lessons1.9,"Взгляните на самый левый экран на панели. Здесь отображается изображение с видеокамер, которые расположены по бокам вагона. Под экраном располагаются кнопки, с помощью которых можно выбирать камеры. Попробуйте сделать это.",Look at the leftmost screen on the panel. There you can see picture from cameras on the side of the train. There are buttons below that screen that can be used to switch between cameras. Try to do it.,"Schauen Sie sich den Bildschirm ganz links auf dem Panel an. Dort können Sie Bilder von Kameras an der Seite des Zuges sehen. Unter diesem Bildschirm befinden sich Schaltflächen, mit denen Sie zwischen den Kameras wechseln können.","Jetez un œil sur l’écran le plus à gauche du tableau de bord. Vous pouvez y observer les images des caméras sur les côtés extérieurs du train. Il y a des boutons en bas de cet écran qui permettent de changer de caméra, essayez-les.",Olhe para a tela mais à esquerda no painel. Lá você pode ver fotos de câmeras na lateral do trem. Há botões abaixo dessa tela que podem ser usados para alternar entre as câmeras. Tente fazer isso.,Mira la pantalla en el extremo izquierdo del panel. Allí podrás ver la imagen de las cámaras del costado del tren. Hay botones debajo de esa pantalla para cambiar entre las cámaras disponibles. Intenta hacerlo.,Guarda lo schermo più a sinistra sul pannello. Lì puoi vedere l'immagine dalle telecamere sul lato del treno. Ci sono dei pulsanti sotto quella schermata che possono essere usati per passare da una fotocamera all'altra. Prova a farlo.,"Uită-te la partea stângă a panoului de control. Acolo poți găsi imagini ale camerelor de supraveghere ale trenului. Lângă ecran, sunt butoane care schimbă camerele. Încearcă să le schimbi.","Paneldeki en soldaki ekrana bakın. Orada trenin yan tarafındaki kameralardan treni görebilirsiniz. Ekranın altında kameralar arasında geçiş yapmak için kullanılabilecek düğmeler var. Hadi, dene!","Spójrz na lewy ekran na panelu. Możesz na nim zobaczyć obraz z kamer z boku pociągu. Poniżej tego ekranu znajdują się przyciski, których można używać do przełączania między kamerami. Spróbuj to zrobić.","Podívejte se na obrazovku nejvíce vlevo na panelu. Zde můžete vidět obrázek z kamer na straně vlaku. Pod touto obrazovkou se nacházejí tlačítka, která lze použít k přepínání mezi kamerami. Zkuste to udělat.",운전대 가장 왼쪽에 있는 화면에서 열차의 측면에 있는 카메라의 영상을 볼 수 있습니다. 화면 아래에 있는 버튼으로 카메라를 전환할 수 있습니다.,看一下面板上最左侧的屏幕 在那里您可以看到列车一侧摄像头的实时监控 该屏幕下方有按钮方便您在不同摄像机之间切换 现在尝试一下,看一下面板上最左側的屏幕 在那裡您可以看到列車一側攝像頭的實時監控 該屏幕下方有按鈕方便您在不同攝像機之間切換 現在嘗試一下,Olhe para o painel para esquerda. Você pode ver a imagem vindo das câmeras ao lado do trem. Há botões embaixo da tela que podem ser usados para alternar entre as câmeras. Tente fazer isso.
Lessons1.10,Также можно сменить вид общей камеры с помощью кнопки {0:N1}. Камеру с видом внутри пассажирского вагона можно передвигать.,"Also, you can change general camera using {0:N1} key. You can move the passenger camera.",Sie können die allgemeine Kamera auch mit der Taste {0:N1} ändern. Sie können die Passagierkamera bewegen.,Vous pouvez également changer de caméra générale en appuyant sur {0:N1}. Vous pouvez déplacer la caméra passager.,"Além disso, você pode alterar a câmera geral usando a tecla {0:N1}. Você pode mover a câmera do passageiro.",Además puedes cambiar la cámara general usando la tecla {0:N1}. Puedes mover la cámara de pasajero.,"Inoltre, puoi cambiare la videocamera generale usando il tasto {0:N1}. È possibile spostare la fotocamera del passeggero.","De asemenea, poți schimba camera generală, folosind tasta {0:N1}. Poți mișca camera din vagonul pasagerilor.","Ayrıca, {0:N1} tuşunu kullanarak genel kamerayı değiştirebilirsiniz. Yolcu kamerasını hareket ettirebilirsiniz.",Możesz także zmieniać kamerę za pomocą przycisku {0:N1}. Możesz przesunąć kamerę pasażera.,Obecnou kameru můžete také měnit pomocí tlačítka {0:N1}. Kameru pro cestující můžete přesunout.,"그리고, {0:N1}키로 일반 카메라로 변경할 수 있으며 객실 카메라로 이동할 수 있습니다.",此外，您可以使用{0:N1}键切换镜头 你可以移动乘客视觉镜头,此外，您可以使用{0:N1}鍵切換鏡頭 妳可以移動乘客視覺鏡頭,"Além disso, você pode pressionar a tecla {0:N1} para alternar entre as câmeras. Você pode mover a câmera do passageiro."
Lessons1.11,"Хорошо, настало время тронуться с места. Сначала нам нужно задать направление движения поезда. Это делается с помощью кнопки Контроллер реверса (на клавиатуре - {0:N1}). У этого контроллера три положения – нейтральное, вперед и назад. Выберите положение вперед.","Okay, now it’s time to set the train in motion. Firstly, you need to set the moving direction. You can do it with Reverse Controller ({0:N1} on keyboard). It has three positions: Neutral, Forward and Reverse. Select Forward position.","Okay, jetzt ist es Zeit, den Zug in Bewegung zu setzen. Zuerst müssen Sie die Bewegungsrichtung einstellen. Sie können dies mit dem umkehr Regler ({0:N1} auf der Tastatur) tun. Er hat drei Positionen: Neutral, Vorwärts und Rückwärts. Position vorwärts auswählen.","Très bien, il est temps de faire bouger le train. Premièrement, vous devez paramétrer la direction du mouvement. Vous pouvez faire cela avec la manette d’inverseur ({0:N1} sur le clavier). Cette manette a 3 positions : Neutre, Marche avant et Marche arrière. Sélectionnez la Marche avant.","Ok, agora é hora de colocar o trem em movimento. Em primeiro lugar, você precisa definir a direção de movimento. Você pode fazer isso com a manete de reversão ({0:N1} no teclado). Tem três posições: Neutro, Avante e Reverso. Selecione a posição para frente.","Bien, ahora es tiempo de poner el tren en movimiento. En primer lugar, necesitas configurar la dirección de movimiento. Puedes hacerlo con el Controlador inverso (tecla {0:N1}). Tiene tres posiciones: Neutral, Avanzar y Marcha atrás. Selecciona la posición «Avanzar».","Ok, ora è il momento di mettere in moto il treno. In primo luogo, è necessario impostare la direzione di movimento. Puoi farlo con Reverse Controller ({0:N1} sulla tastiera). Ha tre posizioni: Neutro, Avanti e Retromarcia. Seleziona la posizione in avanti.","Ok, e timpul să pui trenul în mișcare. Mai întâi, trebuie să setezi direcția trenului. O poți seta cu inversorul ({0:N1} pe tastatură). Are trei poziții: Neutru, Înainte și Înapoi. Setează pe Înainte.","Tamam, şimdi treni harekete geçirmenin zamanı geldi. İlk olarak, hareket yönünü ayarlamanız gerekir. Bunu Vites kolu (klavyede {0:N1}) ile yapabilirsiniz. Üç konumu vardır: Boşta, İleri ve Geri. Vites'i ileriye takın.","Dobrze, teraz pora wprawić pociąg w ruch. Po pierwsze, musisz ustawić kierunek ruchu. Możesz to zrobić za pomocą nastawnika ({0:N1} na klawiaturze). Ma trzy pozycje: neutralną, do przodu i do tyłu. Wybierz opcję «do przodu».","Teď je čas nastoupit do vlaku. Nejprve musíte nastavit směr pohybu. Můžete to udělat s reverzním regulátorem ({0:N1} na klávesnici). Má tři pozice: neutrální, vpřed a vzad. Vyberte položku Přesměrovat pozici.","좋습니다. 이제 열차를 움직여봅시다. 먼저, 역전간({0:N1}키)으로 진행 방향을 설정해봅시다. 중립, 전진, 후진 중에서 전진을 선택하세요.",好的，现在是时候发车了 首先，您需要设置前进方向  你可以使用档位（键盘上的{0:N1})来完成  它有三个档：空档，前进和后退  现在选择前进档位,好的，現在是時候發車了 首先，您需要設置前進方向  妳可以使用檔位（鍵盤上的{0:N1})來完成  它有三個檔：空檔，前進和後退  現在選擇前進檔位,"Tudo certo, agora é a hora de pôr o trem para se mover. Primeiramente, você escolher a direção. Você pode fazer isso usando o Controle Reverso ({0:N1} no teclado). Há três opções: Neutro, para frente e marcha à ré."
Lessons1.12,"Теперь посмотрите на экран со спидометром. Пустой областью отмечена разрешенная скорость, а красной – ограничение скорости. Если вы превысите скорость, сработает экстренное торможение и поезд остановится. Чтобы продолжить движение вновь, вам придётся переключить реверс. Также на спидометре может появляться желтая дуга – она означает, что следующее ограничение скорости строже, чем предыдущее и вам нужно приготовиться сбавить скорость.  
ВНИМАНИЕ! Ограничение скорости передаётся на экран спидометра со светофоров не сразу, после переключения реверса должно пройти несколько секунд. Если не дождаться применения ограничений скорости и поехать сразу, то можно сорвать экстренное торможение.","Now look at Speedometer screen. Allowed speed is marked as empty zone and red zone is speed restriction. If you exceed the limit, the emergency brakes will engage and the train will stop. You will need to move the reverse switch to neutral and back to forward position in order to continue movement. Sometimes there can be a yellow zone on a speedometer – it means that next speed limit is stricter that current one. In this case, prepare to slow down.
WARNING! It needs some time to transmit speed limit from traffic lights to the Speedometer screen. Usually it’s a few seconds. If you will not wait for speed limits to update before moving, you can engage emergency braking system again.","Schauen Sie sich nun den Tachometer-Bildschirm an. Die zulässige Geschwindigkeit ist als grüne Zone markiert und die rote Zone ist Geschwindigkeitsbeschränkung. Wenn Sie den Grenzwert überschreiten, werden die Notbremsen eingelegt und der Zug angehalten. Sie müssen den Rückwärtsgangschalter auf Neutral und zurück stellen. Um die Bewegung fortzusetzen, kann es vorkommen, dass der Geschwindigkeitsmesser eine gelbe Zone hat - das bedeutet, dass die nächste Geschwindigkeitsbegrenzung höher ist als die aktuelle. In diesem Fall ist die Verlangsamung vorzubereiten.
WARNUNG! Es dauert einige Zeit, um die Geschwindigkeitsbeschränkung von der Ampel zum Tachometer-Bildschirm zu übertragen. Normalerweise dauert es ein paar Sekunden. Wenn Sie nicht warten, bis die Geschwindigkeitsbeschränkungen aktualisiert werden, bevor Sie fahren, könnte sich das Notbremssystem erneut einschalten.","Maintenant, observez l’écran d’indicateur de vitesse. La vitesse autorisée est marquée dans la zone vide, la zone rouge est la limite de vitesse. Si vous dépassez cette limite, le frein d’urgence va s’activer et le train s’arrêtera. Vous devrez mettre la manette d’inverseur sur la position “Neutre” et de nouveau sur Marche avant pour continuer à avancer. Il y a des moments où une zone jaune peut apparaître sur l’indicateur de vitesse – elle indique que la prochaine limite de vitesse est plus stricte que l’actuelle. Dans ce cas-ci, préparez-vous à ralentir.
ATTENTION ! Il faut un certain délai pour transmettre la limite de vitesse des signaux jusqu’à l’indicateur de vitesse, en général plusieurs secondes. Si vous n’attendez pas la mise à jour des limites de vitesse avant d’avancer, vous activerez à nouveau le freinage d’urgence.","Agora olhe para o velocímetro. A velocidade permitida é marcada como zona vazia e zona vermelha é a sua restrição de velocidade. Se você exceder o limite, os freios de emergência se engatarão e o trem parará. Você precisará mover o interruptor de reversão para neutro e para trás. para avançar a posição, a fim de continuar o movimento.Às vezes, pode haver uma zona amarela em um velocímetro - isso significa que o próximo limite de velocidade é mais rigoroso que o atual.Neste caso, prepare-se para desacelerar. AVISO! Geralmente demora um tempo para transmitir o limite de velocidade dos semáforos para o velocímetro. Geralmente são alguns segundos. Se você não esperar que os limites de velocidade sejam atualizados antes de se mover, você pode ativar o sistema de frenagem de emergência novamente. ","Ahora mira la pantalla del velocímetro. La velocidad permitida está marcada en la zona verde, y la zona roja marca la velocidad restringida. Si excedes el límite, se activarán los frenos de emergencia y el tren se detendrá. Para continuar deberás mover el controlador inverso a «Neutral» y volverlo a poner en «Avanzar» para continuar con el recorrido. A veces puede haber una zona amarilla en el velocímetro, que significa que el límite de velocidad es más estricto que el actual. En ese caso prepárate para reducir la velocidad.
¡ADVERTENCIA! Se necesita algo de tiempo para transmitir el límite de velocidad de los semáforos a la pantalla del velocímetro. Por lo general son unos segundos. Si decides no esperar a que se actualicen los límites de velocidad antes de moverte, puedes activar nuevamente el sistema de frenado de emergencia.","Ora guarda lo schermo del tachimetro.La velocità consentita è contrassegnata come zona verde e la zona rossa è il limite di velocità.Se superi il limite, i freni di emergenza si attiveranno e il treno si fermerà.Avrai bisogno di spostare l'interruttore di retromarcia in folle e indietro in avanti per continuare il movimento, a volte può esserci una zona gialla su un tachimetro: significa che il prossimo limite di velocità è più rigido di quello corrente, in questo caso, preparati a rallentare.
AVVERTIMENTO! Ha bisogno di tempo per trasmettere il limite di velocità dai semafori alla schermata del tachimetro. Di solito sono pochi secondi. Se non si attendono i limiti di velocità da aggiornare prima di muoversi, è possibile attivare nuovamente il sistema di frenata di emergenza. ","Acum uită-te cu atenție la vitezometru. Viteza permisă este marcată cu verde și cu roșu este viteza maximă. Dacă depășești limita de viteză, se va activa automat frâna de urgență și trenul se va opri. Va trebui să muți minversorul în poziția Neutru și apoi în poziția Înainte pentru a putea continua. Câteodată, pe vitezometru va apărea o zonă cu galben - înseamnă că următoarea limită de viteză este mai strictă. În acest caz, pregătește-te să încetinești. ATENȚIE! Este nevoie de timp pentru a transmite limita de viteză de la indicatoarele din trafic la vitezometru. De obicei, câteva secunde. Dacă nu aștepți pentru actualizarea limitei de viteză și încerci să pornești, frâna de urgență a trenului va fi acționată. ","Şimdi Hız Göstergesi ekranına bakın. İzin verilen hız yeşil bölge olarak işaretlenir ve kırmızı bölge hız kısıtlamasıdır. Sınırı aşarsanız, acil durum frenleri devreye girer ve tren durur. Harekete devam etmek için vites kolunu nötr konuma getirip ileri konuma geri getirmeniz gerekir. Bazen bir hızölçerde sarı bir bölge olabilir - bu, bir sonraki hız sınırının mevcut olandan daha katı olduğu anlamına gelir. Bu durumda, yavaşlamaya hazır olun.
UYARI! Hız sınırını trafik ışıklarından Hızölçer ekranına iletmek için biraz zaman gerekir. Genellikle birkaç saniye. Hareket etmeden önce hız sınırlarının güncellenmesini bekleyemediyseniz, acil durum fren sistemini tekrar devreye alabilirsiniz.","Teraz spójrz na ekran prędkościomierza. Dozwolona prędkość jest oznaczona jako zielona strefa, a czerwona strefa stanowi ograniczenie prędkości. Jeśli przekroczysz limit, uruchomią się hamulce bezpieczeństwa i pociąg się zatrzyma. Aby kontynuować jazdę, należy przesunąć nastawnik do położenia neutralnego i z powrotem do położenia do przodu. Czasami na prędkościomierzu może znajdować się żółta strefa - oznacza to, że następne ograniczenie prędkości jest mniejsze niż obecne. W takim przypadku przygotuj się na zwolnienie.
UWAGA! Zajmuje to trochę czasu, aby przesłać ograniczenie prędkości z semaforów na ekran prędkościomierza. Zwykle jest to kilka sekund. Jeśli nie będziesz czekać na aktualizację ograniczeń prędkości przed rozpoczęciem jazdy, możesz ponownie włączyć układ hamowania awaryjnego.","Nyní se podívejte na obrazovku Rychloměr. Povolená rychlost je označena jako zelená zóna a červená zóna je omezena rychlostí. Pokud překročíte limit, nouzové brzdy se zapnou a vlak se zastaví. Aby bylo možné pokračovat v pohybu, budete muset přepínač zpětného chodu přesunout do neutrální polohy a zpět do polohy dopředu. Někdy může být žlutá zóna na rychloměru - to znamená, že další rychlostní limit je přísnější, než ta současná. V tomto případě se připravte na zpomalení.
VAROVÁNÍ! Potřebuje určitý čas na přenos rychlostního limitu z semaforů na obrazovku Rychloměr. Obvykle je to několik sekund. Pokud nebudete čekat na aktualizaci rychlostních limitů před přesunem, můžete znovu aktivovat nouzový brzdový systém.","이제 속도계 화면을 보세요. 허용 속도는 초록색으로, 제한 속도는 빨간색으로 표시되어 있습니다. 만약 제한 속도를 초과하면 비상 제동이 체결되어 열차가 정지합니다. 이 경우 역전간을 중립으로 바꿨다가 전진으로 다시 설정해야 열차를 움직일 수 있습니다. 가끔 속도계가 노란색으로 표시되는데, 이것은 다음 속도 제한이 지금보다 낮아진다는 것을 의미하므로 미리 열차를 감속시켜야합니다.
 주의 : 신호기의 제한 속도가 속도계에 반영될때까지 약간의 지연시간이 존재합니다. 제한 속도가 반영되기전에 열차를 움직일 경우 비상제동이 체결될 수 있습니다.",现在查看车速表屏幕 允许的速度标记为绿色区域，红色区域标记速度限制 如果超过限制，紧急制动器将启动并且列车将停止 您将需要把档位移至空档并返回到前进档来让列车继续行驶 有时在车速表上可能有一个黄色区域 - 这意味着下一个速度限制比当前速度更严格 在这种情况下，您需要立即准备减速,現在查看車速表屏幕 允許的速度標記為綠色區域，紅色區域標記速度限制 如果超過限制，緊急制動器將啟動並且列車將停止 您將需要把檔位移至空檔並返回到前進檔來讓列車繼續行駛 有時在車速表上可能有一個黃色區域 - 這意味著下一個速度限制比當前速度更嚴格 在這種情況下，您需要立即準備減速,"Agora observe o velocimentro. A velocidade permitida está marcada em verde e a parte vermelha é a restrição na velocidade. Se você passar do limite, os freios de emergência serão ativados e o trem vai parar. Será necessário mover o controle reverso para neutro e de volta para frente para continuar.
Algumas vezes há uma área amarela no velocímetro - isso indica que o próximo limite de velocidade é mais estrito do que o atual. Nesse caso, prepare-se para desacelerar.
AVISO! Leva um tempo para atualizar o limite de velocidade no velocímetro ao passar um semáforo. Geralmente demora alguns segundos. Se não quiser esperar a atualização de velocidade antes de continuar, você pode ativar os freios de emergência novamente."
Lessons1.13,"Важнейшая задача машиниста - строго соблюдать расписание. Ближайшие три остановки выводятся на экране планшета. Также на нём показано время, заработанные вами очки, а также сообщения о штрафах (таких как необъявление станций, проезд на красный и так далее) и о прибавлении очков.","One of the most important tasks of every train driver is to follow the schedule. You can see three next stations on your tablet. Also, there you can see current time, your score and messages about fines (like not announcing the station, running a red light and so on) and about adding scores.","Eine der wichtigsten Aufgaben eines jeden Lokführers ist es, den Zeitplan einzuhalten. Sie sehen drei nächste Stationen auf Ihrem Tablet. Dort können Sie auch die aktuelle Uhrzeit, Ihre Punktzahl und Meldungen über Bußgelder anzeigen (z. B. das Ankündigen des Senders, das rote Licht usw.) und das Hinzufügen von Punktzahlen.","L’une des tâches les plus importantes d’un conducteur de train est de suivre les horaires. Vous pouvez voir les trois prochaines stations sur votre tablette. Vous pouvez également voir l’heure, votre score et messages d’infractions (ne pas annoncer une station, griller un feu rouge, etc.) et de l’ajout de score.","Uma das tarefas mais importantes de todos os maquinistas é seguir o cronograma. Você pode ver as três próximas estações no seu tablet. Além disso, lá você pode ver o tempo atual, sua pontuação e mensagens sobre multas (como não anunciar a estação, passar um sinal vermelho e assim por diante) e sobre como adicionar pontuações.","Una de las tareas más importantes de todo conductor de tren es que debes seguir el horario. En tu tablet puedes ver que hay tres estaciones por delante. También puedes ver la hora actual, tus puntos y mensajes sobre multas (como no anunciar la estación, pasar una luz roja, etc.) y sobre agregar puntuaciones.","Uno dei compiti più importanti di ogni macchinista è seguire il programma. Puoi vedere tre stazioni successive sul tuo tablet. Inoltre, è possibile visualizzare l'ora corrente, il punteggio e i messaggi relativi alle multe (come non annunciare la stazione, eseguire una luce rossa e così via) e aggiungere punteggi.","Unul dintre cele mai importante lucruri pe care trebuie să îl facă fiecare mecanic de tren este să respecte programul. Poți vedea timpul pe care trebuie să îl respecți, pentru următoarele trei stații, pe tableta de pe bord. De asemenea, acolo poți vedea și timpul curent, punctajul tău și mesaje (precum neanunțarea stației, trecutul pe rosu ș.a.m.d).","Her tren sürücüsünün en önemli görevlerinden biri zaman çizelgesini takip etmektir. Tabletinizde sonraki üç istasyonu görebilirsiniz. Ayrıca, geçerli saati, puanınızı ve para cezaları (istasyonu duyurmama, kırmızı ışıkta geçme vb.) Ve puan kazanma hakkında mesajlar görebilirsiniz.","Jednym z najważniejszych zadań każdego maszynisty jest przestrzeganie harmonogramu. Na tablecie możesz zobaczyć trzy kolejne stacje. Tam też możesz zobaczyć aktualny czas, swój wynik i komunikaty o karach (takich jak nie ogłaszanie stacji, przejazdach przez zakazy itd.) Oraz o dodawaniu wyników.","Jedním z nejdůležitějších úkolů každého strojvedoucího je dodržet harmonogram. Na tabletu vidíte tři další stanice. Také zde můžete vidět aktuální čas, vaše skóre a zprávy o pokutách (jako neohlásí stanici, běží červené světlo a tak dále) a o přidávání skóre.","모든 기관사가 따라야 할 임무 중 하나는 시각표를 지키는 것 입니다. 태블릿에서 다음 정거장 3개, 현재 시간, 점수를 확인할 수 있습니다.",警告！ 从交通信号灯到车速表屏幕传输速度限制需要一些时间 通常是几秒钟 如果您在移动之前不等待速度限制更新，您可以再次使用紧急制动系统,警告！ 從交通信號燈到車速表屏幕傳輸速度限制需要一些時間 通常是幾秒鐘 如果您在移動之前不等待速度限制更新，您可以再次使用緊急制動系統,"Uma das tarefas mais importantes de todo o condutor de trem é seguir o cronograma. Você pode ver as três próximas estações no seu tablet. Além disso, você pode ver o horário atual, as mensagens a respeito do seu placar e multas (como por exemplo não anunciar uma estação, passar um semáforo vermelho e por aí vai), e pontuação sendo adicionada."
Lessons1.14,"Чтобы начать движение вперед, потяните контроллер хода вверх. Доступно четыре положения набора скорости, выбег (отсутствие ускорения и торможения) и три положения торможения. Чтобы сбавить скорость, нужно опустить контроллер вниз на одну из ступеней торможения. Также управление контроллером доступно с помощью кнопок {0:N1} и {1:N1}.
Начните движение и постарайтесь остановиться ровно на платформе.","To get the train moving, move the controller forward. There are four acceleration positions, Idle position (not accelerating and not braking), and three braking positions. To slow down, you need to move the controller backwards, to one of the braking positions. You can also move the controller using {0:N1} and {1:N1} keys. 
Now start moving and try to stop just on the platform.","Bewegen Sie den Controller vorwärts, damit sich der Zug in Bewegung setzt. Es gibt vier Beschleunigungspositionen, Leerlaufposition (nicht beschleunigen und nicht bremsen) und drei Bremspositionen. Um zu verlangsamen, müssen Sie den Controller rückwärts in eine der Bremspositionen bewegen. Sie können den Controller auch mit den Tasten {0:N1} und {1:N1} verschieben.
Beginnen Sie jetzt, sich zu bewegen, und versuchen Sie, nur auf der Plattform anzuhalten.","Pour faire avancer le train, faites déplacer la manette de traction vers l’avant. Il y a quatre positions d’accélération, neutre, ou IDLE (sans accélération ni frein), et trois positions de freinage. Pour ralentir, vous devez déplacez la manette vers l’arrière, sur l’une des positions de freinage. Vous pouvez aussi déplacer la manette d’accélération/freinage en utilisant les touches {0:N1} et {1:N1}.
Maintenant,commencez à avancer et essayer de vous arrêter au niveau du quai.","Para mover o trem, mova o controlador para frente. Existem quatro posições de aceleração, posição de marcha lenta (não acelerando e não freando) e três posições de frenagem. Para desacelerar, você precisa mover o controlador para trás, para um dos freios. Você também pode mover o controlador usando as teclas {0:N1} e {1:N1}.
Agora comece a se mover e tente parar apenas na plataforma.","Para hacer que el tren se mueva, mueve el controlador hacia adelante. Hay cuatro posiciones de aceleración. Posición inactiva (no acelera ni frena), y tres posiciones de freno. Para reducir la velocidad, necesitas mover el controlador hacia atrás, a una de las posiciones de freno. Puedes mover el controlador con las teclas {0:N1} y {1:N1}. 
Ahora comienza a moverte e intenta frenar en la plataforma.","Per far muovere il treno, muovi il controller in avanti: ci sono quattro posizioni di accelerazione, posizione di riposo (non in accelerazione e non in frenata) e tre posizioni di frenata.Per rallentare, devi spostare il controller all'indietro, su una delle frenate posizioni. Puoi anche spostare il controller usando i tasti {0:N1} e {1:N1}.
Ora inizia a muoverti e prova a fermarti solo sulla piattaforma.","Pentru a pune trenul în mișcare, mută manșa în față. Există patru poziții de accelerare, poziția neutră și trei poziții de frânare. De asemenea, poți folosimanșa apăsând tastele {0:N1} și {1:N1}.","Trenin hareket etmesini sağlamak için hız kolunu ileriye doğru hareket ettirin. Dört hızlanma konumu, boşta konumu (hızlanmayan veya frenlemeyen) ve üç frenleme konumu vardır. Yavaşlamak için, hız kolunu fren konumlarından birine geri hareket ettirmeniz gerekir. Hız kolunu {0:N1} ve {1:N1} tuşlarını kullanarak da hareket ettirebilirsiniz. Şimdi hareket etmeye başlayın ve platformda durmaya çalışın.","Aby pociąg ruszył, przesuń przepustnicę do przodu. Istnieją cztery pozycje przepustnicy, pozycja spoczynkowa (bez przyspieszania i hamowania) oraz trzy pozycje hamowania. Aby zwolnić, należy przesunąć kontroler do tyłu, do jednej z pozycji hamowania. Możesz także przenieść kontroler za pomocą klawiszy {0:N1} i {1:N1}.
Rozpocznij jazdę i spróbuj zatrzymać się na platformie.","Pro pohyb vlaku posuňte ovladač dopředu. K dispozici jsou čtyři polohy zrychlení, poloha nečinnosti (ne akcelerace a ne brzdění) a tři polohy brzdění. Chcete-li zpomalit, musíte ovladač přesunout dozadu do jedné z brzdných poloh. Ovladač můžete také přesunout pomocí tlačítek {0:N1} a {1:N1}.
Začněte se pohybovat a pokuste se zastavit jen na platformě.","열차를 움직이려면 주간제어기를 앞으로 움직이세요. 주간제어기는 4개의 가속 단계, 타행, 3개의 감속 단계를 가지고 있습니다. 속도를 줄이려면 주간제어기를 뒤로 움직여서 감속 단계에 두세요. 주간제어기는 {0:N1}키와 {1:N1}키로 제어할 수 있습니다.
 이제 열차를 움직이고 정거장에 정차해봅시다.","要使列车移动，请向前移动控制器 控制器有四个加速位置，空档和三个制动位置 要减速，您需要将控制器向后移动到其中一个制动位置 您也可以使用{0:N1}和{1:N1}键移动控制器 
现在开始移动并尝试在车站停下","要使列車移動，請向前移動控制器 控制器有四個加速位置，空檔和三個制動位置 要減速，您需要將控制器向後移動到其中一個制動位置 您也可以使用{0:N1}和{1:N1}鍵移動控制器 
現在開始移動並嘗試在車站停下","Para o trem começar a andar, mova o controle para frente. Há quatro velocidades de aceleração, posição neutra ( não está acelerando e nem freando), e três posições de frenagem. Para diminuir a velocidade, mova o controle para trás, até uma posição de frenagem.  Você também pode mover o controle pressionando as teclas {0:N1} e {1:N1}.
Agora comece a se mover e tente parar na plataforma."
Lessons1.15,"Кажется, вы не смогли затормозить вовремя! Разрешается вернуться назад только при условии, что вы еще не проехали знак с крестом. В противном случае поезжайте до следующей станции. Давайте попробуем ещё раз остановиться во время.  ","It looks like you didn’t manage to stop in time. You can go back only if you haven’t passed a sign with a cross. If you have, you should proceed to the next station. Let’s try to stop more precisely once more.","Es scheint, dass Sie es nicht geschafft haben, rechtzeitig anzuhalten. Sie können nur zurückgehen, wenn Sie kein Kreuz mit einem Kreuz passiert haben. Wenn ja, sollten Sie zur nächsten Station gehen. Versuchen wir noch einmal genauer zu stoppen.","On dirait que vous n’avez pas réussi à vous arrêter à temps. Vous ne pouvez reculer que si vous n’avez pas passé un panneau comportant une croix. Si vous avez passé un tel panneau, vous pouvez vous rendre à la prochaine station. Essayez de vous arrêtez de manière plus précise encore une fois.","Parece que você não conseguiu parar a tempo. Você só pode voltar se não tiver passado um sinal com uma cruz. Se você tiver passado, você deve prosseguir para a próxima estação. Vamos tentar parar mais precisamente mais uma vez.","Parece que no lograste detenerte a tiempo. Puedes retroceder siempre y cuando no hayas pasado la señal con la cruz. Si lo hiciste, deberás continuar hasta la siguiente estación. Intentemos hacerlo con más precisión una vez más.","Sembra che tu non sia riuscito a fermarti in tempo. Puoi tornare indietro solo se non hai passato un segno con una croce. Se lo hai, dovresti procedere alla prossima stazione. Proviamo a fermarci più precisamente ancora una volta.","Se pare că nu ai oprit în timp util. Poți merge înapoi doar dacă nu ai depășit semnul cu cruce. Dacă l-ai depășit, treci la următoarea stație. Încearcă să oprești mai precis încă odată. ","Görünüşe bakılırsa durmayı başaramamışsınız gibi görünüyor. Sadece çarpı işareti olan bir işaret geçmediyseniz geri dönebilirsiniz. Eğer varsa, bir sonraki istasyona geçmelisiniz. Sonrakinde daha kesin olarak durmaya çalışalım.","Wygląda na to, że nie zdążyłeś zatrzymać się na czas. Możesz się cofać tylko wtedy, gdy nie miniesz znaku z krzyżem. Jeśli tak, powinieneś przejść do następnej stacji. Spróbujmy jeszcze raz się zatrzymać.","Vypadá to, že se vám nepodařilo včas zastavit. Můžete se vrátit jen tehdy, pokud jste neprošli znaménkem s křížkem. Pokud ano, měli byste pokračovat na další stanici. Pokusme se ještě jednou přesněji zastavit.",정차위치에 제대로 정차하지 못한 것 같습니다. 십자가 표지를 넘지 않았을때만 후진이 가능합니다. 만약 그 표지를 넘어갔다면 다음역으로 진행해야합니다. 다시 한번 더 시도하여 정확하게 정차해봅시다.,看来您没法及时把列车停下来 只有在没有通过十字标的情况下，您才可以返回 如果您已经通过，则需要前往下一站 让我们再来试一次,看來您沒法及時把列車停下來 只有在沒有通過十字標的情況下，您才可以返回 如果您已經通過，則需要前往下一站 讓我們再來試一次,"Parece que você não parou a tempo. Você pode voltar somente se não tiver passado da placa com o Xis. Se você já passou, então prossiga até a próxima estação. Vamos tentar parar a tempo mais uma vez."
Lessons1.16,"Откроем двери для того, чтобы впустить пассажиров. Сначала нужно выбрать, с какой стороны вы хотите открыть двери. Это осуществляется кнопками Выбор дверей, левых или правых (на клавиатуре, левые - {0:N1}, правые - {1:N1}). Сейчас платформа слева, поэтому вам нужно выбрать левые двери.","Now let’s open doors for passengers. Firstly, you need to choose the side on which you want the doors to open. It can be done by pressing “Select doors” buttons, either left or right (left - {0:N1}, right - {1:N1} on keyboard). Now the platform is in your left, so choose the left side.","Lassen Sie uns jetzt die Türen für die Passagiere öffnen. Zuerst müssen Sie die Seite auswählen, auf der die Türen geöffnet werden sollen. Dies kann durch Drücken der Tasten «Türen auswählen» entweder links oder rechts (links - {0:N1}, rechts - {1:N1} auf der Tastatur) erfolgen. Die Plattform befindet sich jetzt zu Ihrer Linken, also wählen Sie die linke Seite.","Maintenant, ouvrez les portes pour les passagers. Vous devez d’abord choisir de quel côté vous souhaitez ouvrir les portes, cela peut être faire en appuyant sur les boutons “Sélectionner les portes”, à gauche ou à droite (gauche - {0:N1}, droite - {1:N1} sur le clavier). Le quai est sur votre gauche, donc sélectionnez le côté gauche.","Agora vamos abrir as portas para os passageiros. Em primeiro lugar, você precisa escolher o lado em que deseja que as portas se abram. Isso pode ser feito pressionando os botões «Selecionar portas», à esquerda ou à direita (à esquerda - {0:N1}, à direita - {1:N1} no teclado). Agora a plataforma está à sua esquerda, então escolha o lado esquerdo.","Ahora abramos las puertas a los pasajeros. En primer lugar, necesitas elegir qué lado de las puertas deseas abrir. Eso puede hacerse presionando los botones de «Selección de puertas», ya sea las que están a la izquierda o a la derecha. (izquierda: {0:N1}, derecha: {1:N1} en el teclado). Como la plataforma está a tu izquierda, abre las puertas correspondientes.","Ora apriamo le porte ai passeggeri. In primo luogo, è necessario scegliere il lato su cui si desidera aprire le porte. Può essere fatto premendo i pulsanti «Seleziona porte», a sinistra oa destra (a sinistra - {0:N1}, a destra - {1:N1} sulla tastiera). Ora la piattaforma è alla tua sinistra, quindi scegli il lato sinistro.","Hai să deschidem ușile pentru pasageri. Mai întâi, trebuie să alegi partea pe care trebuiesc deschise ușile (stânga sau dreapta). Partea poate fi aleasă apăsând butoanele «Selectare uși»(stânga - {0:N1}, dreapta - {1:N1} pe tastatură). Acum peronul e pe stânga, așa că selectează partea stângă.","Şimdi yolcular için kapılar açalım. İlk olarak, kapıların açılmasını istediğiniz tarafı seçmeniz gerekir. Sol veya sağ (sol - {0:N1}, sağ - {1:N1} klavyede) tuşlarına basılarak yapılabilir. Şimdi platform solunuzda, bu yüzden sol tarafı seçin.","Teraz otwórzmy drzwi dla pasażerów. Po pierwsze, musisz wybrać stronę, po której chcesz otworzyć drzwi. Można to zrobić, naciskając przyciski «Wybierz drzwi», lewy lub prawy (lewy - {0:N1}, prawy - {1:N1} na klawiaturze). Obecnie, peron jest po lewej stronie, więc wybierz lewą stronę otwierania drzwi.","Nyní otevřeme dveře pro cestující. Za prvé, musíte si vybrat stranu, na které chcete dveře otevřít. To lze provést stisknutím tlačítek «Vybrat dveře», buď vlevo nebo vpravo (vlevo - {0:N1}, vpravo - {1:N1} na klávesnici). Nyní je platforma vlevo, takže si vyberte levou stranu.","이제 출입문을 열어봅시다. 먼저 어떤쪽의 출입문을 열지 선택해야 합니다. «좌측/우측 출입문 선택» 버튼을 누르거나 단축키(좌측:{0:N1}, 우측:{1:N1})를 눌러주세요. 지금 승강장이 왼쪽에 있으니 좌측 출입문을 선택합니다.",现在让我们为乘客开门 首先，您需要选择要开门的一侧 可以通过按面板上按钮选择左右（左侧车门 - {0:N1}，右侧车门 - {1:N1})来完成  现在站台在你的左边，所以选择打开左侧车门,現在讓我們為乘客開門 首先，您需要選擇要開門的一側 可以通過按面板上按鈕選擇左右（左側車門 - {0:N1}，右側車門 - {1:N1})來完成  現在站臺在妳的左邊，所以選擇打開左側車門,"Agora vamos abrir as portas para os passageiros. Primeiramente, você precisa escolher qual lado você quer que as portas abram. Pode ser feito pressionando o botão “Selecionar portas”, tanto esquerda quanto direita (esquerda - {0:N1}, direita - {1:N1} no seu teclado). Agora a plataforma está no seu lado esquerdo, então escolha as porta no lado esquerdo."
Lessons1.17,Теперь нужно отжать кнопку «Закрытие дверей» - {0:N1}.,Now release «Close doors» button ({0:N1}).,Lassen Sie nun die Taste «Türen schließen» los ({0:N1}).,"Maintenant, relâcher le bouton «Fermer les portes» ({0:N1}).",Agora solte o botão «Close doors» ({0:N1}).,Ahora suelta el botón «Cerrar puertas». ({0:N1}).,Ora rilascia il pulsante «Chiudi porte» ({0:N1}).,Acum apasă din nou butonul «Închidere uși» ({0:N1}).,Şimdi «Kapıları kapat» düğmesini ({0:N1}) kapatın.,Zwolnij przycisk «Zamknij drzwi» ({0:N1}).,Nyní uvolněte tlačítko «Zavřít dveře» ({0:N1}).,출입문 닫힘» 버튼을 눌러주세요. ({0:N1}),现在我们释放车门关闭按钮 ({0:N1}).,現在我們釋放車門關閉按鈕 ({0:N1}).,Agora solte o botão «Fechar portas» ({0:N1}).
Lessons1.18,И только теперь вы можете нажать на кнопку «Открытие дверей левых» {0:N1} или «Открытие дверей правых» {1:N1}. Откройте левые двери и наблюдайте за посадкой пассажиров.,And only now you can push either «Open left doors» ({0:N1}) or «Open right doors» ({1:N1}). Open the left doors and watch passengers entering the train.,"Und nur jetzt können Sie entweder «Linke Türen öffnen» ({0:N1}) oder «Rechte Türen öffnen» ({1:N1}) drücken. Öffnen Sie die linken Türen und beobachten Sie, wie die Passagiere in den Zug einsteigen.","Et seulement maintenant vous pouvez appuyer sur «Ouvrir les portes à gauche» ({0:N1}) ou «Ouvrir les portes à droite» ({1:N1}). Ouvrez les portes de gauche, et observez les passagers embarquer dans le train.",E só agora você pode pressionar «Abrir portas da esquerda» ({0:N1}) ou «Abrir as portas da direita» ({1:N1}). Abra as portas da esquerda e observe os passageiros que entram no trem.,Y solo ahora puedes presionar «Abrir las puertas de la izquierda» (con {0:N1}) o «Abrir las puertas de la derecha» (con {1:N1}). Abre las puertas de la izquierda y mira a los pasajeros ingresar al tren.,E solo ora puoi premere «Apri porte sinistra» ({0:N1}) o «Apri porte destra» ({1:N1}). Apri le porte a sinistra e osserva i passeggeri che entrano nel treno.,Și acum poți apăsa și butonul «Deschidere uși stânga» ({0:N1}) sau «Deschidere uși dreapta» ({1:N1}). Deschide ușile din stânga și privește pasagerii urcându-se în tren.,Ve sadece şimdi «Sol kapıları aç» ({0:N1}) veya «Sağ kapıları aç» ({1:N1}) tuşlarını kullanabilirsiniz. Sol kapıları açın ve trene giren yolcuları izleyin.,I dopiero teraz możesz nacisnąć «Otwórz lewe drzwi» ({0:N1}) lub «Otwórz prawe drzwi» ({1:N1}). Otwórz lewe drzwi i obserwuj pasażerów wchodzących do pociągu.,A teprve teď můžete stisknout buď «Otevřít levé dveře» ({0:N1}) nebo «Otevřít pravé dveře» ({1:N1}). Otevřete levé dveře a sledujte nastupování cestujících do vlaku.,이제 «좌측 출입문 개방» ({0:N1}) 또는 «우측 출입문 개방» ({1:N1}) 버튼을 눌러 출입문을 열고 승객들이 승하차하는걸 확인하세요.,只有现在您可以按打开左侧车门» ({0:N1}) 或打开右侧车门» ({1:N1})  打开左侧车门门，并留意进入车厢的乘客,只有現在您可以按打開左側車門» ({0:N1}) 或打開右側車門» ({1:N1})  打開左側車門門，並留意進入車廂的乘客,E somente agora você pode pressionar «Abrir portas da esquerda» ({0:N1}) ou «Abrir pontas da direita» ({1:N1}). Abra as portas da esquerda e veja os passageiros entrando no trem.
Lessons1.19,"Включите объявление информатора. Должна проиграться запись о том, по какому маршруту едет наш поезд и какая станция следующая. Обратите внимание, что при достижении следующих станций нужно будет включать две записи – одну о текущей остановке и другую о следующей.",Play the auto-informer recording. You should hear the recording about your route and next station. Keep in mind that you will need to play recordings twice – once about current station and once more about the next one.,"Spielen Sie die Auto-Informer-Aufnahme ab. Sie sollten die Aufzeichnung über Ihre Route und den nächsten Sender hören. Denken Sie daran, dass Sie die Aufnahmen zweimal abspielen müssen - einmal über den aktuellen Sender und noch einmal über den nächsten.","Jouez l’enregistrement de l’auto-informateur. Vous devriez entendre l’annonce à propos de la ligne et de la prochaine station. Rappelez-vous que vous devrez jouer un enregistrement deux fois – une fois à propos de la station actuelle, et un à propos de la prochaine station.",Reproduza a gravação automática do letreiro. Você deve ouvir a gravação sobre sua rota e a próxima estação. Tenha em mente que você precisará reproduzir gravações duas vezes - uma vez sobre a estação atual e mais uma vez sobre a próxima.,"Reproduce la grabación del autoinformador. Deberías escuchar la grabación sobre tu ruta y la siguiente estación. Ten en cuenta que deberás reproducir las grabaciones dos veces: una vez en la estación actual, y una vez más sobre la siguiente.","Riproduci la registrazione dell'auto-informatore. Dovresti sentire la registrazione del tuo percorso e della prossima stazione. Tieni presente che dovrai riprodurre due volte le registrazioni, una volta sulla stazione corrente e un'altra su quella successiva.","Redă înregistrarea. Ar trebui să auzi îregistrarea cu privire la stația care urmează. Ține minte că va trebui să dai drumul la înregistrare de două ori -  o dată despre stația curentă, atunci când trenul intră în stație și a doua oară despre următoarea atunci când închizi ușile.",Durak bilgilendirme kaydını oynatın. Rotanız ve bir sonraki istasyon hakkındaki kaydı duymalısınız. Kayıtları iki kez oynatmanız gerektiğini unutmayın - bir kez geçerli istasyon ve bir kez daha bir sonraki istasyon hakkında.,"Odtwórz nagranie z autoinformatora. Powinieneś usłyszeć nagranie dotyczące trasy i następnej stacji. Pamiętaj, że będziesz musiał odtworzyć dwa nagrania - pierwsze o bieżącej stacji i drugie o następnej.","Přehrajte záznam s automatickým hlásičem. Měli byste slyšet záznam o vaší trase a následující stanici. Mějte na paměti, že budete muset přehrávat nahrávky dvakrát - jednou o aktuální stanici a ještě jednou o další.",안내방송을 재생하세요. 안내방송에서 경로와 다음역의 안내를 들을 수 있습니다. 안내방송은 역에 진입할때와 출입문을 닫을 때. 총 두번 재생한다는 것을 기억하세요.,播放报站 您应该听到有关您的路线和下一站的录音 请记住，您需要两次播放报站 - 一次是到站播报，而另一次是下一站的预报,播放報站 您應該聽到有關您的路線和下一站的錄音 請記住，您需要兩次播放報站 - 一次是到站播報，而另一次是下一站的預報,Toque a gravação do auto-informante. Você deve ouvir a gravação a respeito de sua rota e a próxima estação. Tenha em mente que você precisa tocar a gravação duas vezes - uma vez pela estação atual e mais uma vez para anunciar a próxima.
Lessons1.20,"Закройте двери, нажав на кнопку «Закрытие дверей» - {0:N1}.",Close the doors by pushing “Close doors” button ({0:N1}).,Schließen Sie die Türen durch Drücken der Taste „Türen schließen“ ({0:N1}).,Fermez les portes en appuyant sur le bouton “Fermer les portes” ({0:N1}).,Feche as portas pressionando o botão “Close doors” ({0:N1}).,Cierra las puertas presionando el botón «Cerrar puertas» ({0:N1}).,Chiudere le porte premendo il pulsante «Chiudi porte» ({0:N1}).,Închide ușile prin apăsarea butonului „Închidere uși” ({0:N1}).,“Kapıları kapat” düğmesine ({0:N1}) basarak kapıları kapatın.,"Zamknij drzwi, naciskając przycisk „Zamknij drzwi” ({0:N1}).",Zavřete dveře stisknutím tlačítka „Zavřít dveře“ ({0:N1}).,출입문 닫힘» 버튼을 눌러 출입문을 닫으세요. ({0:N1}),通过按“关闭车门”按钮 ({0:N1})来关门,通過按“關閉車門”按鈕 ({0:N1})來關門,Feche as portas pressionando o botão «Fechar portas» ({0:N1}).
Lessons1.21,Отлично! Проследуйте до следующей станции. Следите за скоростью и не превышайте её.,Good! Now proceed to the next station. Keep an eye on speedometer and try not to break a speed limit.,"Gut! Fahren Sie nun zur nächsten Station. Behalten Sie den Tachometer im Auge und versuchen Sie, dasTempolimit nicht zu überschreiten.","Très bien ! Maintenant, rendez-vous à la prochaine station. Gardez un œil sur l’indicateur de vitesse et essayez de ne pas enfreindre de limite de vitesse.",Boa! Agora prossiga para a próxima estação. Fique de olho no velocímetro e tente não quebrar um limite de velocidade.,¡Buenísimo! Ahora procede hasta la siguiente estación. Observa el velocímetro e intenta no sobrepasar el límite de velocidad.,Buono! Ora procedi alla prossima stazione. Tieni d'occhio il tachimetro e cerca di non rompere un limite di velocità.,Bine! Acum mergi spre următoarea stație. Fii atent la vitezometru și încearcă să nu depășești limita de viteză.,Çok iyi! Şimdi bir sonraki istasyona geçin. Hızölçere dikkat edin ve hız sınırını aşmamaya çalışın.,Dobrze! Jedź teraz do następnej stacji. Miej oko na prędkościomierz i staraj się nie przekraczać ograniczenia prędkości.,Výborně! Nyní pokračujte na další stanici. Dávejte pozor na rychloměr a snažte se neporušit rychlostní limit.,좋습니다! 이제 다음역으로 갑시다. 속도계를 주시하고 제한 속도를 넘지 않게 주의하세요.,很好！ 现在前往下一站 请密切关注车速表，并尝试不要超过限速,很好！ 現在前往下一站 請密切關註車速表，並嘗試不要超過限速,Muito bem! Agora siga até a próxima estação. Fique atento ao velocímetro e tente não passar do limite de velocidade.
Lessons1.22,"Впереди станция. Готовьтесь тормозить. Постарайтесь въехать на станцию всем составом, но не проехать мимо. ","Next station is close. Prepare to brake. Try to get the whole train on the station, but don’t brake too late.","Die nächste Station ist in der Nähe. Bereiten Sie sich auf das Bremsen vor. Versuchen Sie, den ganzen Zug auf den Bahnhof zu bringen, aber bremsen Sie nicht zu spät.","La prochaine station est proche, préparez-vous à freiner. Tentez d’arrêter le train entier dans la station, mais ne freinez pas trop tard.","A próxima estação está perto. Prepare-se para frear. Tente parar o trem inteiro na estação, mas não freie muito tarde.","La siguiente estación está cerca. Prepárate para frenar. Intenta que el tren completo llegue a la estación, y no frenes demasiado tarde.","La prossima stazione è vicina. Preparati a frenare. Cerca di portare l'intero treno sulla stazione, ma non frenare troppo tardi.","Următoarea stație este aproape. Pregătește-te să încetinești. Încearcă să aduci tot trenul în stație, dar nu frâna prea tare. ","Sonraki istasyon yakın. Fren yapmaya hazır olun. Tüm treni istasyona denk getirmeye çalışın, ancak çok geç fren yapmayın.",Następna stacja jest blisko. Przygotuj się na hamowanie. Postaraj się zatrzymać pociąg idealnie wzdłóż peronu.,"Další stanice se blíží. Připravte se k brždění. Snažte se dostat celý vlak na stanici, ale nebrzděte příliš pozdě.",다음역이 가까워지고 있습니다. 제동을 투입할 준비를 하세요. 제동을 너무 늦게 투입하지 않도록 주의하세요.,您已靠近下一个车站 请准备减速 尽量让整列车停靠在站台合适的地方，但不要制动太晚,您已靠近下一個車站 請準備減速 盡量讓整列車停靠在站臺合適的地方，但不要制動太晚,"A próxima estação está perto. Prepare-se para frear. Tente encaixar o trem todo ao longo da plataforma, porém não freie muito tarde."
Lessons1.23,"Вы не смогли остановиться вовремя, и пропустили станцию. Нажмите Продолжить, чтобы выставить поезд на платформу.",You didn’t manage to stop precisely and missed the platform. Press «Continue» to set your train on platform.,"Sie haben es nicht geschafft, genau anzuhalten und haben die Plattform verpasst. Klicken Sie auf «Weiter», um Ihren Zug auf die Plattform zu setzen.",Vous n’avez pas réussi à vous arrêter précisément avez manqué le quai. Appuyez sur «Continuer» pour placer le train au niveau du quai.,Você não conseguiu parar com precisão e perdeu a plataforma. Pressione «Continuar» para definir o seu trem na plataforma.,No lograste detenerte con precisión y perdiste la plataforma. Presiona «Continuar» para poner tu tren en la plataforma.,Non sei riuscito a fermarti esattamente e hai perso la piattaforma. Premere «Continua» per impostare il treno sulla piattaforma.,Nu ai oprit precis și ai depășit peronul. Apasă «Continuă» pentru a aduce trenul la peron.,Doğru bir şekilde durmayı başaramadınız ve platformu kaçırdınız. Treninizi platforma ayarlamak için «Devam» tuşuna basın.,"Nie udało ci się zatrzymać precyzyjnie i przegapiłeś peron. Naciśnij «Kontynuuj», aby ustawić pociąg na peronie.","Nezastavili jste se přesně a minuli jste platformu. Chcete-li nastavit svůj vlak na platformě, stiskněte «Continue».",정차위치에 제대로 정차하지 못하였습니다. «계속을 눌러주세요,你没法准确地把列车停下来并错过了站台  按继续按钮以调整列车停靠在站台,妳沒法準確地把列車停下來並錯過了站臺  按繼續按鈕以調整列車停靠在站臺,Você não conseguiu parar a tempo e passou da plataforma. Pressione «Continuar» para posicionar seu trem corretamente à plataforma.
Lessons1.24,"Проиграйте объявление информатора (кнопка {0:N1}) и откройте двери поезда (сначала «Выбор дверей» левых (на клавиатуре - {1:N1}), далее отжать кнопку «Закрытие дверей» {2:N1} и, наконец, «Открытие дверей левых» {3:N1})","Play the auto-informer recording ({0:N1}) and open the doors (firstly, use left «Select doors» button ({1:N1}), then release «Close doors» ({2:N1}) and, finally, press «Open left doors» ({3:N1})).","Spielen Sie die Auto-Informer-Aufnahme ({0:N1}) ab und öffnen Sie die Türen (verwenden Sie zuerst die linke Taste «Türen auswählen» ({1:N1}), und lassen Sie dann «Schließen von Türen» ({2:N1}) los. Zum Schluss drücken Sie «Linke Türen öffnen» ({3:N1})).","Jouez l’enregistrement de l’auto-informateur ({0:N1}) et ouvrez les portes (premièrement, appuyez sur le bouton «Sélectionner les portes de gauche» ({1:N1}), puise relâcher le bouton «Fermer les portes» ({2:N1}) et enfin, appuyez sur «Ouvrir les portes à gauche» ({3:N1})).","Reproduza a gravação do letreiro ({0:N1}) e abra as portas (primeiro, use o botão esquerdo «Selecionar portas» ({1:N1}) e solte «Fechar portas» ({2:N1}) e, finalmente, pressione “Abrir portas esquerdas” ({3:N1})).","Reproduce la grabación del autoinformador ({0:N1}) y abre las puertas (en primer lugar, utiliza el botón «Seleccionar las puertas de la izquierda» ({1:N1}), libera el botón «Cerrar puertas» ({2:N1}) y finalmente presiona «Abrir las puertas de la izquierda» ({3:N1})).","Riproduci la registrazione dell'auto-informatore ({0:N1}) e apri le porte (in primo luogo, utilizza il pulsante sinistro «Seleziona porte» ({1:N1}), quindi rilascia «Chiudi porte» ({2:N1}) e, infine, premere «Apri porte sinistra» ({3:N1})).","Redă înregistrarea ({0:N1}) și deschide ușile (prima dată folosește butonul «Selectare uși» ({1:N1}), apoi apasă butonul «Închidere uși» ({2:N1}) și în final apasă butonul «Deschidere uși stânga» ({3:N1})).","Otomatik bilgilendirme kaydını ({0:N1}) oynatın ve kapıları açın (ilk önce sol «Kapıları seç» düğmesini ({1:N1}) kullanın, ardından «Kapıları kapat» ({2:N1}) düğmesini kapatın ve, son olarak «Sol kapıları aç» tuşuna basın ({3:N1})).","Odtwórz nagranie automatycznego informatora ({0:N1}) oraz otwórz drzwi (najpierw użyj lewego przycisku «Wybierz drzwi» ({1:N1}), następnie zwolnij przycisk «Zamknij drzwi» ({2:N1}) i, na koniec naciśnij «Otwórz lewe drzwi» ({3:N1})).","Přehrajte záznam s automatickým hlásičem ({0:N1}) a otevřete dveře (nejprve použijte levé tlačítko «Vybrat dveře» ({1:N1}), pak uvolněte «Zavřít dveře» ({2:N1}) a, nakonec stiskněte tlačítko «Otevřít levé dveře» ({3:N1})).","안내방송을 재생({0:N1})하고 문을 여세요.(좌측 출입문 선택({1:N1}), «출입문 닫힘({2:N1}), «좌측 출입문 열림({3:N1}))","播放报站({0:N1})并打开车门（首先,点击选择车门按钮({1:N1})，然后释放关闭车门按钮({2:N1})后，点击 «打开左侧车门({3:N1})） ","播放報站({0:N1})並打開車門（首先,點擊選擇車門按鈕({1:N1})，然後釋放關閉車門按鈕({2:N1})後，點擊 «打開左側車門({3:N1})）","Toque a gravação do auto-informante ({0:N1}) e abra as portas (primeiramente, pressione botão esquerdo «Selecionar portas» ({1:N1}), e solte o botão «Fechar portas» ({2:N1}) e, finalmente, pressionar «Abrir portas da esquerda» ({3:N1}))."
Lessons1.25,"Теперь разыграем случай, когда происходит срыв экстренного торможения. В кабине есть тумблер (кнопка {0:N1}), переключив который вы включите экстренное торможение. 
Выбор за вами – вы можете попробовать превысить скорость, продолжив движение на красный сигнал светофора, либо самостоятельно переключив тумблер.","Now let’s imagine the situation when you’ll have emergency brakes engaged. You have an emergency brakes switch ({0:N1}). The choice is yours – you can break the speed limit, run a red light or use the manual switch.","Stellen wir uns jetzt die Situation vor, dass Sie die Notbremse betätigen. Sie haben einen Notbremsschalter ({0:N1}). Sie haben die Wahl - Sie können das Tempolimit abbrechen, ein rotes Licht leuchten oder den manuellen Schalter verwenden.","Maintenant, imaginons la situation dans laquelle vous auriez le frein d’urgence engagé. Vous avez un interrupteur de frein d’urgence ({0:N1}). Vous avez le choix – vous pouvez enfreindre la limite de vitesse, griller un feu rouge, ou utiliser l’interrupteur manuel.","Agora vamos imaginar a situação quando você terá freios de emergência engatados. Você tem um interruptor de freios de emergência ({0:N1}). A escolha é sua - você pode quebrar o limite de velocidade, passar uma luz vermelha ou usar o interruptor manual.","Ahora imaginemos la situación cuando tengas los frenos de emergencia comprometidos. Tienes un interruptor de frenos de emergencia ({0:N1}). La elección es tuya. Puedes sobrepasar el límite de velocidad, pasar una luz roja o usar el interruptor manual.","Ora immaginiamo la situazione in cui avrai attivato i freni di emergenza. Avete un interruttore dei freni di emergenza ({0:N1}). La scelta è vostra: puoi rompere il limite di velocità, eseguire una luce rossa o utilizzare l'interruttore manuale.","Acum hai să ne imaginăm situația când vor fi acționate frânele de urgență. Ai un schimbător de frâne de urgență ({0:N1}). Alegerea e a ta - poți depăși limita, poți trece pe roșu sau poți folosi schimbătorul manual. ","Şimdi acil durum frenlerini ne zaman kullanacağınızı gireceğini düşünelim. Acil durum fren anahtarınız var ({0:N1}). Seçim sizin - hız sınırını aşmış olabilirsiniz veya kırmızı bir ışıkta geçmiş olabilirsiniz, yolculara zarar gelmesini istemeyiz. Bu yüzden manuel anahtarı kullanabilirsiniz.","Teraz wyobraźmy sobie sytuację, w której będziesz mieć włączone hamulce bezpieczeństwa. Masz wyłącznik awaryjnego hamowania ({0:N1}). Wybór należy do Ciebie - możesz przekroczyć ograniczenie prędkości, uruchomić czerwone światło lub użyć przełącznika ręcznego.","Představme si situaci, kdy budete mít nouzové brzdy. Máte přepínač nouzových brzd ({0:N1}). Volba je na vás - můžete omezit rychlostní limit, spustit červené světlo nebo použít ruční spínač.","이제 당신이 비상 제동을 사용해야 한다는 상황이라고 가정해봅시다. 이 경우 비상 제동 스위치({0:N1})를 취급하세요. (제한속도 초과, 정지 신호 통과, 수동 제어기를 사용했을 경우에도 비상제동이 체결됩니다.)",现在让我们想象一下列车会被紧急刹车时的情况  您有一个紧急制动开关({0:N1})  您可以选择 - 超过速度限制，冲信号灯或手动调整,現在讓我們想象一下列車會被緊急剎車時的情況  您有一個緊急制動開關({0:N1})  您可以選擇 - 打破速度限制，沖信號燈或手動調整,"Agora imagine a situação em que os freios de emergência estão ativos. Você tem um interruptor de freios de emergência ({0:N1}). A escolha é sua - você pode quebra o limite de velocidade, passar um semáforo vermelho ou usar interruptor manual."
Lessons1.26,"Поздравляю, вы справились с первым уроком! Помните, что для успешной игры вам нужно строго соблюдать расписание и  все правила управления поездом.",Congratulations! You have completed your first lesson! Remember: you will need to follow the schedule and train control rules to play successfully.,"Herzliche Glückwünsche! Sie haben Ihre erste Lektion abgeschlossen! Denken Sie daran: Sie müssen die Zeitplan- und Trainingssteuerungsregeln einhalten, um erfolgreich zu spielen.",Félicitations ! Vous avez complété votre première leçon ! Souvenez-vous : vous devez suivre les horaires et les règles de circulation ferroviaire pour réussir.,Parabéns! Você completou sua primeira aula! Lembre-se: você precisará seguir o cronograma e treinar as regras de controle para jogar com sucesso.,¡Felicitaciones! ¡Haz completado tu primera lección! Recuerda que debes seguir el horario y entrenar las reglas de control para jugar con éxito.,Congratulazioni! Hai completato la tua prima lezione! Ricorda: dovrai seguire il programma e controllare le regole di controllo per giocare con successo.,"Felicitări! Ai trecut de prima lecție! Reține, va trebui să urmezi orarul și regulile de circulație pentru a obține puncte.",Tebrikler! İlk dersinizi tamamladınız! Unutmayın: Başarılı bir şekilde oynamak için zaman çizelgesini takip etmeniz ve kontrol kurallarına uymanız gerekir.,"Gratulacje! Ukończyłeś pierwszą lekcję! Pamiętaj: będziesz musiał przestrzegać harmonogramu i zasad sterowania pociągiem, aby ukończyć grę pomyślnie.",Gratulujeme! Dokončili jste svou první lekci! Nezapomeňte: budete muset dodržovat harmonogram a pravidla řízení vlaku pro úspěšné hraní.,축하합니다! 첫번째 레슨을 완료했습니다! 성공적인 플레이를 위해서는 시각표와 규칙을 준수해야 한다는 사실을 명심하세요.,恭喜！您已完成第一堂课！请记住：您需要遵循时刻表以及操作章法才能驾驶完美,恭喜！您已完成第一堂課！請記住：您需要遵循時刻表以及操作章法才能駕駛完美,Parabéns! Você completou sua primeira lição! Lembre-se: você precisa seguir o cronograma e treinar regras de controle para ser sucedido.
Lessons1.27,"Вы превысили разрешенную скорость. Сработало экстренное торможение. Чтобы продолжить движение, вам нужно отключить тумблер экстренного торможения. Когда включено экстренное торможение, а скорость уже опустилась до разрешенного значения, можно нажать кнопку «Восприятие торможения» ({0:N1}) для того, чтобы отключить торможение. Также можно продолжить движение после полной остановки переключением реверса. Внимание! Перед этим обязательно переключите контроллер хода в «Выбег» или любую позицию торможения чтобы поезд не начал движение сразу же после переключении реверса.","You have exceeded the maximum speed limit. The emergency braking was engaged. You need to disable emergency braking switch in order to continue movement. If emergency braking has been activated, but speed has fallen below the speed limit, you can press «Braking cancellation» ({0:N1}) to deactivate emergency braking system. Also, you can move the reverse switch to Neutral and then back to Forward position to start moving after the train has fully stopped. Move the reverse switch to neutral position and move it back to «Forward». Warning! Do not forget to move the controller to «Neutral» or any braking position before doing that. Otherwise, the train will start moving just after you set reverse switch to «Forward».","Sie haben die Höchstgeschwindigkeit überschritten. Die Notbremsung wurde aktiviert. Sie müssen den Notbremsschalter deaktivieren, um die Bewegung fortzusetzen. Wenn die Notbremsung aktiviert wurde, die Geschwindigkeit jedoch unter die Geschwindigkeitsgrenze gefallen ist, können Sie die Notbremsanlage durch Drücken von «Bremsenannullierung» ({0:N1}) deaktivieren. Außerdem können Sie den Rückwärtsgangschalter auf Neutral und dann wieder in die Vorwärtsposition bringen und losfahren, nachdem der Zug vollständig angehalten hat. Bringen Sie den Rückwärtsschalter in die neutrale Position und bringen Sie ihn zurück auf «Vorwärts». Warnung! Vergessen Sie nicht, den Regler vorher auf «Neutral» oder eine andere Bremsposition zu bringen. Andernfalls fährt der Zug unmittelbar nach dem Umschalten auf «Vorwärts» in Bewegung.","Vous avez enfreint la limite de vitesse et le freinage d’urgence a été activé. Vous devez désactiver l’interrupteur de freinage d’urgence pour continuer à avancer. Si le frein d'urgence a été activé mais la vitesse est passée en dessous de la limite, vous pouvez appuyer sur «Annulation de freinage» ({0:N1}) pour désactiver le freinage d'urgence. Vous pouvez aussi déplacer la manette d'inverseur sur Neutre, puis sur Marche avant pour procéder à nouveau après l'arrêt complet du train. Déplacer la manette d’inverseur sur la position «Neutre» et de la redéplacer sur «Marche avant». Attention ! N’oubliez pas de déplacer la manette de traction/freinage sur la position neutre ou n’importe quelle position de frein avant de faire cela, sinon, le train commencera à avancer juste après que vous ayez placé la manette d’inverseur sur «Marche avant».","Você excedeu o limite máximo de velocidade. A frenagem de emergência foi acionada. Você precisa desativar o interruptor de frenagem de emergência para continuar o movimento. Se a frenagem de emergência foi ativada, mas a velocidade caiu abaixo do limite de velocidade, você pode pressionar «Cancelamento de frenagem» ({0:N1}) para desativar o sistema de frenagem de emergência. Além disso, você pode mover o interruptor de reversão para Neutro e depois voltar para a posição de Avanço para começar a se mover depois que o trem estiver totalmente parado. Mova o interruptor de reversão para a posição neutra e mova-o de volta para «Avançar». Aviso! Não se esqueça de mover o controlador para «Neutro» ou qualquer posição de frenagem antes de fazer isso. Caso contrário, o trem começará a se mover logo após você colocar o interruptor de reversão em «Avançar».","Acabas de exceder la velocidad máxima. Los frenos de emergencia fueron activados. Necesitas desactivarlos con el interruptor de frenos de emergencia para continuar el recorrido. Si el freno de emergencia fue activado pero la velocidad disminuyó por debajo del límite de velocidad, puedes presionar el boton de «Cancelación de freno» con el botón ({0:N1}) para desactivar el sistema de frenos de emergencia. También puedes mover el controlador inverso a «Neutral» y reubicarlo en «Avanzar» para comenzar a moverte una vez que el tren se haya detenido por completo. Mueve el controlador inverso a la posición «Neutral» y luego hacia «Avanzar». ¡Advertencia! No olvides mover el controlador hacia Neutral o hacia alguna posición de freno antes de hacer eso, de lo contrario el tren comenzará a moverse inmediatamente después de cambiar a la posición «Avanzar».","Hai superato il limite massimo di velocità. La frenata d'emergenza era impegnata. È necessario disabilitare l'interruttore di frenata di emergenza per continuare il movimento. Se la frenatura di emergenza è stata attivata, ma la velocità è scesa sotto il limite di velocità, è possibile premere «Cancellazione frenata» ({0:N1}) per disattivare il sistema di frenata di emergenza. Inoltre, puoi spostare l'interruttore di retromarcia su Neutro e poi di nuovo su Avanti per iniziare a muoverti dopo che il treno si è fermato completamente. Spostare l'interruttore di retromarcia in posizione neutra e riportarlo su «Avanti». Avvertimento! Non dimenticare di spostare il controller su «Neutral» o qualsiasi posizione di frenata prima di farlo. Altrimenti, il treno inizierà a muoversi subito dopo aver impostato l'interruttore di retromarcia su «Avanti».","Ai depășit viteza maximă admisă. Frâna de urgență a fost aplicată. Trebuie să o dezactivezi pentru a continua călătoria. Dacă frânea de urgență a fost activată, dar viteza a scăzut sub cea limită, apasă butonul «Anulare frână» ({0:N1})  pentru a dezactiva sistemul de frânare de urgență. De asemenea, poți muta inversorul în poziția neutră și după în poziția «Înainte» numai după ce trenul este complet oprit. Mută inversorul în poziția neutră și după în poziția «Înainte». Atenție! Nu uita să pui manșa pe neutru sau orice poziție de frânare înainte de a face asta. Altfel, trenul va porni numai după ce setezi inversorul pe «Înainte».","Maksimum hız sınırını aştınız. Acil durum freni devreye girdi. Harekete devam etmek için acil durum fren anahtarını devre dışı bırakmanız gerekir. Acil frenleme etkinleştirildiyse, ancak hız, hız sınırının altına düştüyse, acil fren sistemini devre dışı bırakmak için «Fren iptali» ({0:N1}) tuşuna basabilirsiniz. Ayrıca, tren tamamen durduktan sonra hareket etmeye başlamak için vites kolunu Boş'a ve ardından İleri konumuna geri getirebilirsiniz. Uyarı! Bunu yapmadan önce kontrol cihazını «Boşta» konumuna veya herhangi bir fren konumuna getirmeyi unutmayın. Aksi takdirde, vitesi «İleri» konumuna getirdikten hemen sonra tren hareket etmeye başlayacaktır.","Przekroczono maksymalne ograniczenie prędkości. Hamowanie awaryjne zostało włączone. Musisz wyłączyć przełącznik hamowania awaryjnego, aby kontynuować jazdę. Jeśli hamowanie awaryjne zostało uruchomione, ale prędkość spadła poniżej limitu prędkości, można nacisnąć «Anulowanie hamowania» ({0:N1}), aby wyłączyć układ hamowania awaryjnego. Możesz także przesunąć przełącznik kierunku wstecznego do położenia neutralnego, a następnie z powrotem do położenia do przodu, aby rozpocząć ruch po całkowitym zatrzymaniu pociągu. Przesuń przełącznik kierunku wstecznego do położenia neutralnego i przesuń go z powrotem do pozycji «do przodu». Ostrzeżenie! Nie zapomnij przesunąć kontrolera w położenie «neutralne» lub jakąkolwiek pozycję hamowania, zanim to zrobisz. W przeciwnym razie pociąg zacznie jechać zaraz po ustawieniu przełącznika biegu wstecznego w pozycji «Do przodu».","Překročili jste maximální povolenou rychlost. Došlo k nouzovému brzdění. Chcete-li pokračovat v pohybu, musíte vypnout nouzový brzdový spínač. Pokud bylo aktivováno nouzové brzdění, ale rychlost klesla pod mez rychlosti, můžete stisknout «zrušení brzdění « ({0:N1}) pro deaktivaci nouzového brzdového systému. Můžete také posunout zpětný spínač na neutrální a potom zpět do polohy vpřed a začít se pohybovat po úplném zastavení vlaku. Přepněte přepínač zpět do neutrální polohy a posuňte jej zpět do polohy «vpřed». Varování! Než to uděláte, nezapomeňte přepnout regulátor do polohy «Neutral» nebo do jakékoli polohy brzdění. V opačném případě se vlak začne pohybovat právě poté, co nastavíte přepínač zpět do polohy «vpřed».",제한속도를 초과하여 비상제동이 체결되었습니다. 현재 속도가 제한 속도 아래로 떨어졌을때 «제동 완해({0:N1})를 누르거나 정차 후 역전간을 중립에 뒀다가 전진으로 다시 전환하여 비상제동을 해제 시킬 수 있습니다. 주의 : 역전간을 바꾸기 전에 주간제어기를 타행 위치에 두세요.,您已超速 紧急制动已经打开 您需要解除紧急制动才能继续列车运行 将档位移至空档位置后再将其移回前进档位 警告！在此之前，不要忘记将档位移动到空档或任何制动位置 否则，在您将档位设置为前进后，列车将立即开始移动 {0:N1},您已超速 緊急制動已經打開 您需要解除緊急制動才能繼續列車運行 將檔位移至空檔位置後再將其移回前進檔位 警告！在此之前，不要忘記將檔位移動到空檔或任何制動位置 否則，在您將檔位設置為前進後，列車將立即開始移動 {0:N1},"Você excedeu o limite de velocidade. Os freios de emergência foram acionados. você precisa desativar o interruptor dos freios de emergência para continuar. Se os freios de emergência estão ativos, porém a velocidade ainda não caiu abaixo do limite de velocidade, você pode pressionar «Cancelamento de frenagem» ({0:N1}) para desativar os sistema de freios de emergência. Além disso, você pode mudar o interruptor reverso para Neutro e depois de volta para frente para voltar a mover uma vez que o trem parou por completo. Mude o controle reverso para a posição neutra e mova para «Frente». Aviso! Não se esqueça de mover o controle para «Neutro» ou qualquer outra posição de frenagem antes de fazer isso. Caso contrário, o trem não vai se mover apenas depois que mudar o interruptor reverso para «Frente»."