Key,Russian,English,German,French,Portuguese,Spanish,Italian,Romanian,Turkish,Polish,Czech,Korean,Chinese,ChineseTraditional,BrazilianPortuguese
Lessons3.1,"Добро пожаловать в депо «Солнцево». В данном сценарии вы научитесь взаимодействию с объектами в депо, ручному и автоматическому построению маршрутов в депо.",Welcome to Solntsevo Depot! You will learn how to interact with Depot objects and set up the routes manually and automatically in this scenario.,"Willkommen im Solntsevo Depot! Hier wirst du lernen, wie du mit Depot-Objekten interagierst und deine Routen manuell eingibst.","Bienvenue dans le dépot de Solntsevo ! Dans ce scénario, vous allez apprendre à interagir avec les éléments du dépot et créer les routes manuellement et automatiquement.",Bem-vindo ao depósito Solntsevo! Você irá aprender como interagir com os objetos do depósito e a configurar as rotas manualmente e automáticamente nesse cenário.,"Bienvenido al depo «Solntsevo». En este escenario usted estudiará como: interactuatuar con los objetos de depo, creár las rutas en depo con sus manos o automáticamente.",Benvenuto nel deposito di Solntsevo! Imparerai come interagire con gli oggetti del deposito e impostare le rotte manualmente (e automaticamente) in questo scenario.,"Bun venit în depoul Solntsevo! În acest scenariu, vei învăța cum să interacționezi cu obiectele din depou și cum să setezi trasee manual și automat.",Solntsevo Deposuna Hoşgeldiniz! Bu senaryoda Depo nesneleriyle nasıl etkileşim kuracağınızı ve rotaları manuel veya otomatik olarak nasıl ayarlayacağınızı öğreneceksiniz.,Witamy w zajezdni Solntsevo! Dowiesz się tutaj jak wchodzić w interakcje z obiektami na zajezdni oraz jak konfigurować trasy ręcznie i automatycznie.,Vítej v depu Solntsevo! V tomto scénáři se naučíš jak pracovat s objekty v depu a manuálně a automaticky vytvářet trasy.,,欢迎来到太阳车辆段！ 您将在本场景中学习在车辆段里如何运用设施以及手动或自动设置路线。,歡迎來到太陽車輛段！ 您將在本場景中學習在車輛段裏如何運用設施以及手動或自動設置路線。,Bem vindo a Depósito Solntsevo ! Você irá aprender a como interagir com objetos de Depósito e a como ajustar as rotas manualmente e automaticamente nesse cenário.
Lessons3.2,"Сперва, попробуем вручную построить маршрут. Для этого вам необходимо выйти из здания. Наведите курсор на любые из ближайших ворот. По нажатию на {0:N1} ворота откроются.","First of all, let’s try to build a route. We’re going to go outside to do this. Point your mouse at any gate and press {0:N1} to open it.","Lass uns nun versuchen, eine Route zu erstellen. Gehe dazu  nach draußen! Gehe zu einem Tor und drücke {0:N1} um es zu öffnen!","Pour commencer, faisons un chemin. Pour cela, nous devons nous rendre à l'extérieur. Pointer le curseur vers n'importe quelle porte et appuyez sur le bouton {0:N1} gauche de la souris pour l'ouvrir.","Mas primeiro, vamos elaborar a rota. Nós temos que ir para fora para isso. Mire seu mouse em qualquer portão e pressione {0:N1} para abrir-lo.","Primero, vamos a construir la ruta con nuestros manos. Para eso usted tiene que salir del edifico. Pase el cursor sobre las puertas cercanas. Al hacer clic en {0:N1} las puertas abrarán.","Prima di tutto, iniziamo a «costruire» la rotta. Per questo, andremo fuori. Punta il tuo mouse a qualsiasi cancello e premi {0:N1} per aprirlo.","În primul rând, să încercăm construirea unei traseu. Va trebui să mergem afară pentru a face asta. Pune mouse-ul pe orice poartă și apasă tasta {0:N1} pentru a o deschide.","Her şeyden önce, bir rota oluşturmaya çalışalım. Bunu yapmak için dışarı çıkacağız. Farenizi herhangi bir kapının üzerine getirin ve açmak için {0:N1} tuşuna basın.","Przede wszystkim spróbujmy zbudować trasę. W tym celu wyjdź na zewnątrz. Skieruj mysz na dowolną bramę i naciśnij {0:N1}, aby ją otworzyć.",Nejdříve zkus nastavit trasu. Pujdeme to udělat ven. Klikni myší na bránu a {0:N1} pro otevření.,,首先，让我们尝试创建一条路线。 我们需要到外面去创建。 将鼠标指向任何大门{0:N1}，然后单击左键将其打开。,首先，讓我們嘗試創建一條路線。 我們需要到外面去創建。 將鼠標指向任何大門{0:N1}，然後單擊左鍵將其打開。,"Antes de tudo, vamos tentar construir uma rota. Vamos ter que ia para fora para fazer isso. Aponte seu mouse para qualquer portão é pressione {0:N1} para abrir."
Lessons3.3,"Нам необходимо построить маршрут в правый от портала тупик. Порталом называется уличная часть тоннеля, ведущая на линию. Пройдитесь пешком до тупика, попутно переключая стрелки в правильном направлении. Номера стрелок указаны на переводном механизме.",We need to build a route to the dead end to the left of the portal. Portal is a part of the tunnel which leads to the line. Walk to the dead end and switch the arrows correctly. Numbers of arrows are shown on the switch mechanism.,"Wir müssen nun eine Route erstellen, die zum Prellbock links neben dem Portal. Das Portal ist teil des Tunnels, und verbinden das Depot mit der Linie. Laufe zum Prellbock, und setze die Weichen. Auf dem Weichen-Mechanismus siehst du Pfeile und Nummern.",Nous devons créer un chemin partant de la fin de la ligne jusqu'au portail. Le portail est la partie du tunnel qui mène au rest de la ligne. Marchez jusqu'à l'impasse et paremétrez les aiguillages correctement. Les numéros d'aiguilles sont affichés sur le mécanisme de l'aiguillage.,Nós precisamos elaborar a rota até do beco sem saída até o portão de entrada à esquerda. O portão de entrada faz parte do túnel que liga a linha. Ande até o beco sem saída e altere as setas corretamente. Os números das setas estão demonstrados no painel abaixo.,Nosotros tenemos que crear la ruta al punto muerto a la derecha del portal. El portal - es parte de la calle de tunnel que conduce a la línea. Pase hasta el punto muerto y cambie la flecha en dirección correcta. Los numeros de flechas estan escritos en el mecanismo.,"Dobbiamo creare una rotta verso il «punto morto» all sinistra del «portale», che porta all'inizio della linea metropolitana. Cammina verso il punto morto e sposta correttamente le frecce. I numeri delle lettere vengono mostrati sullo scambio.",Trebuie să construim un traseu spre capătul stâng al portalului. Portalul este o partea a tunelului care duce spre magistrală. Mergi spre capăt și schimbă macazele corect. Numerotarea macazelor este afișată pe mecanismul de schimbare. ,"Portalın solundaki çıkmaz hat için bir rota yapmamız gerekiyor. Portal, tünelin hatta giden bir parçasıdır. Çıkmaz hatta doğru yürüyün ve okları doğru şekilde değiştirin. Okların sayısı makas mekanizmasında gösterilir.",Musimy stworzyć trasę na ślepy tor z lewej strony portalu. Portal jest częścią tunelu który prowadzi do lini. Przejdź na ślepy tor i przestaw zwrotnice we właściwy sposób. Numery zwrotnic są pokazane przy mechanizmie sterowania.,"Chceme vytvořit trasu do mrtvého konce nalevo od portálu. Portál je část tunelu, která vede k lince. Jdi na mrtvý konec a přepni správně šipky. Čísla šipek jsou zobrazena na přepínacím mechanismu.",,我们需要在大门左侧建立一条通往尽头的路线。大门是通往线路隧道的一部分。 走到尽头并正确切换道岔箭头方向。 道岔箭头数字显示在轉轍器上。,我們需要在大門左側建立一條通往盡頭的路線。大門是通往線路隧道的一部分。 走到盡頭並正確切換道岔箭頭方向。 道岔箭頭數字顯示在轉轍器上。,Nós precisamos montar a rota que leva até ao fim da linha no portal esquerdo. O portal é parte do túnel que leva até a linha. Vá até ao fim da linha e mude as setas ferroviárias corretamente. Os números das setas estão a mostra no mecanismo de troca.
Lessons3.4,"Переключите стрелки 31, 27, 25, 11, 9, 7, 6, 4, 14. Будьте внимательны, некоторые стрелки уже могут быть переключены в нужном направлении. ","Switch arrows 31, 27, 25, 11, 9, 7, 6, 4, 14. Be careful as some of them can already be in the correct position.","Stelle die weichen 31, 27, 25, 11, 9, 7, 6, 4, 14 um, sei aber vorsichtig: Sie könnten teilweise schon gestellt sein.","Paramétrez les aigullages 31, 27, 25, 11, 9, 7, 6, 4 et 14. Attention, certains d'entre eux sont paramétrés correctement.","Altere as setas 31, 27, 25, 11, 9, 7, 6, 14, 14. Tenha cuidado já que algumas podem já estar nas suas devidas posições.","Cambie las flechas de numeros 31, 27, 25, 11, 9, 7, 6, 4, 14. ¡Atencion! Hay flechas que ya estan en dirección correcta.","Scambia le frecce 31, 27, 25, 11, 9 ,7, 6, 4, 14. Fai attenzione, dato che alcune di queste frecce potrebbero essere gia' nella corretta posizione.","Schimbă macazele 31, 27, 25, 11, 9, 7, 6, 4, 14. Atenție, unele macaze pot fi deja puse in poziția corectă!","31, 27, 25, 11, 9, 7, 6, 4, 14 oklarını değiştirin. Bazıları zaten doğru konumda olabilir, o yüzden dikkatli olun.","Przestaw zwrotnice 31, 27, 25, 11, 9, 7, 6, 4, 14. Uważaj, gdyż część z nich może być już ustawiona we właściwy sposób.","Přepni šipky 31, 27, 25, 11, 9, 7, 6, 4, 14. Buď opatrný, něktré z nich jsou již teď ve správné pozici.",,切换箭头31、27、25、11、9、7、6、4、14。要留意，其中一些箭头已经位于正确的位置。,切換箭頭31、27、25、11、9、7、6、4、14。要留意，其中一些箭頭已經位於正確的位置。,"Mude as setas 31, 27, 25, 11, 9, 7, 6, 4, 14. Cuidado, algumas delas já podem estar posicionada de maneira correta."
Lessons3.5,"Теперь, когда стрелки переключены, вам необходимо открыть светофор на разрешающее показание, для этого необходимо навести курсор на светофор и нажать {0:N1}. Если стрелки были переведены верно, то светофор загорится белым огнём.","Now you need to open the traffic light, just point your mouse at it and press {0:N1}. If arrows are set correctly, it will show a white light. ","Nun musst du das Signal einstellen. Zeige einfach mit deiner Maus darauf und drücke {0:N1}. Wenn die Pfeile richtig eingestellt sind, zeigt das Signal ein weißes Licht.","Maintenant, vous devez ouvrir le signal, pointez votre curseur dessus et appuyez sur {0:N1}. Si les aiguillages sont correctement placés, il montrera un feu de couleur blanche.","Agora você precisa abrir o semáforo, apenas mire seu mouse nele e pressione {0:N1}. Se as setas estão devidamente colocadas, uma luz branca irá aparecer.","Ahora, cuando todas las flechas estan en direccón correcta, nosotros podemos encender el samáforo (señal verde o blnaco por que todo depende de caso) , para eso hace un click aqui {0:N1}. Si las flechas se han cambiado en dirección correcta, el semáforo se iluminará con la luz blanca.","Ora devi impostare il segnale, punta il mouse verso il segnale e premi {0:N1}. Se le frecce sono state impostate in modo corretto, il segnale si illuminera', emittendo una luce bianca.","Acum trebuie să deschizi semnalul. Doar fixează mouse-ul pe el și apasă {0:N1}. Dacă macazele sunt puse corect, el va arăta o lumină albă.","Şimdi trafik ışığını açmanız yeterlidir, farenizi üzerine getirip {0:N1} tuşuna basmanız yeterlidir. Oklar doğru şekilde ayarlanırsa, beyaz bir ışık gösterecektir.","Teraz musisz przestawić sygnalizację świetlną. Po prostu najedź kursorem na sygnalizator i wciśnij lewy przycisk myszy {0:N1}. Jeżeli zwrotnice są ustawione właściwie, sygnalizator zaświeci się na biało.","Teď potřebuješ otevřít semafor. Ukaž myší na semafor a zmáčkni {0:N1}. Pokud jsou šipky nastavené správně, zobrazí se ti bílé světlo. ",,现在，您需要打开信号灯，只需用鼠标指向它，然后按左键{0:N1}。 如果箭头设置正确，它将显示白光。,現在，您需要打開信號燈，只需用鼠標指向它{0:N1}，然後按左鍵。 如果箭頭設置正確，它將顯示白光。,"Agora você precisa abrir o semáforo, aponte seu mouse e pressione {0:N1}. Se as setas estão posicionadas corretamente, você verá a luz se tornar branca."
Lessons3.6,"Откройте светофоры Ч-12, Г-1, Д-3. После переключения светофора надо немного подождать. ","Open traffic lights Ч-12, Г-1, Д-3. You’ll have to wait a little after switching them.","Gut gemacht! Mache nun das selbe für Signale Ч-12, Г-1 und Д-3","Ouvrez les signaux Ч-12, Г-1 et Д-3. Vous devrez attendre un peu après les avoir changés.","Abra as luzes de tráfeco Ч-12, Г-1, Д-3. Você terá que esperar um pouco após posicionadas.","Abre los semáforos Ч-12, Г-1, Д-3. Despued de conmutar el semáforo, usted tiene que esperar un poco.","Imposta i segnali Ч-12, Г-1, Д-3 Dovrai aspettare un poco dopo averli impostati.","Deschide semnalele Ч-12, Г-1, Д-3. Va trebui să aștepți puțin după ce le-ai deschis. ","Ч-12, Г-1 ve Д-3 trafik ışıklarını açın. Açtıktan sonra biraz beklemeniz gerekecek.","Przełącz światła Ч-12, Г-1, Д-3. Po ich przestawieniu będziesz musiał chwilę poczekać.","Otevři semafory Ч-12, Г-1, Д-3. Po přepnutí musíš chvíli počkat.",,打开信号灯Ч-12，Г-1，Д-3。 切换好后，您需要稍等片刻。,打開信號燈Ч-12，Г-1，Д-3。 切換好後，您需要稍等片刻。,"Abra os semáforos Ч-12, Г-1, Д-3. Você tem que esperar um pouco após trocá los."
Lessons3.7,"Садитесь в поезд на 3 канаве, не забудьте включить батарею и реверс. УДЕРЖИВАЙТЕ кнопку бдительности ({0:N1}) и проезжайте в правый тупик и остановитесь у таблички «Стоп». Кнопка бдительности должна удерживаться на всей территории депо. Скорость выезда из здания 5-7 км/ч, скорость после светофора «Г» не более 15 км/ч.","Get on the train on 3rd track, and don’t forget to turn on the batteries and reverse switch to «Forward». HOLD the Vigilance button ({0:N1}) and drive to the dead end on the right and stop near the «Стоп» sign. You’ll need to drive at 5-7 km/h while driving out of the building, after «Г» traffic light you’re allowed to drive up to 15 km/h.","Steigen Sie in den Zug auf der 3. Spur und vergessen Sie nicht, die Batterien einzuschalten und auf «Vorwärts» umzuschalten. Halten Sie die Wachsamkeitstaste ({0:N1}) gedrückt, fahren Sie bis zum prellbock und halten Sie in der Nähe des Schilds «Стоп». Sie müssen beim Verlassen des Gebäudes mit 5 bis 7 km / h fahren. Nach dem Signal «Г» dürfen Sie bis zu 15 km / h fahren.","Montez dans le train en voie 3, et n'oubliez pas d'allumer les batteries, et mettre l'inverseur sur «Marche avant». Maintenant le bouton de vigilance ({0:N1}) et conduisez jusqu'à l'impasse à droite, et arrêtez-vous au panneau «Стоп» (stop). Vous devez maintenir une vitesse de 5 à 7 km/h. Quand vouez passerez le signal «Г», vous pourrez accélerer jusqu'à 15km/h.","Suba no trem na terceira faixa e não se esqueça de ligar as baterias e mudar a marcha para «Avançar». Segure o botão de vigilância ({0:N1}) e dirija até o beco sem saída à direita e pare próximo ao sinal «Стоп». Você precisará dirigir entre 5 a 7 km/h enquanto estiver saindo do prédio, após o sinal de trânsito «Г» , você poderá dirigir até 15 km/h.","Sientase en el tren que esta en la puerta de numero 3, recuerda encender la batería e reversa. MANTENED el botón de vigilancia ({0:N1}) pasa al punto muerto a la derecha del portal para cerca de la placa «Стоп». El botón de vigilancia debe ser mantenido en toda la territoria de depo. Velocidad cuando sale del edifico debe ser 5-7 km/h, velocidad después del semáforo «Г» debe ser menos de 15 km/h.","Vai nel treno sulla terza pista, e non dimenticare di accendere le batterie, e di mettere l'invertitore nella posizione «Avanti». TIENI PREMUTO il bottone di Vigilanza ({0:N1}) e guida verso il punto morto sulla destra e fermati vicino al cartello «Стоп»","Intră în trenul de pe linia 3 și nu uita să pornești bateria și să schimbi inversorul în poziția «Înainte». ȚINE APĂSAT butonul Vigilență ({0:N1}) și condu spre capătul din dreapta până la semnul «Стоп». Până la ieșirea din clădire, va trebui să respecți limita de viteză de 5 - 7 km/oră, iar după poți conduce cu maxim 15 km/oră.","3. raydan trene binin ve bataryaları açın. Vitesi ise «İLERİ» ayarına geri getirmeyi unutmayın. Vigilance Emniyet Sistemi düğmesine ({0:N1}) basılı tutun, sağdaki çıkmaz hatta girin ve «Стоп» işaretinin yanında durun. Binanın dışına çıkarken 5 ila 7 km/s arasında bir hızda sürmeniz gerekir. «Г» trafik ışığından sonra 15 km/s hıza kadar çıkabilirsiniz.","Wsiądź do pociągu na trzecim torze. Nie zapomnij włączyć baterii oraz nastawnika na pozycję «Naprzód». Jedź na ślepy tor po prawej stronie ({0:N1}) i zatrzymaj się przy znaku «Стоп». Do czasu wyjechania z budynku musisz poruszać się 5-7km/h. Po zapaleniu się światła «Г», możesz poruszać się z prędkością do 15km/h.","Dostaň vlak na 3. kolej a nezapomeň zapnout baterii a přepínač do pozice «Vpřed». PODRŽ tlačítko bdělost ({0:N1}) a jeď vpravo na mrtvý konec a zastav blízko nápisu «Стоп» . Musíš jet 5-7 km/h přes budovu, po semaforu «Г» můžeš jet až 15km/h.",,在第三条轨道上上车，别忘了打开电源，然后反向切换到前进。 按住司机警惕装置({0:N1})并驶至右侧的尽头，并在Стоп标志附近停下。  离开车辆段时，您需要以5-7 km / h的速度行驶，在Г信号灯亮起后，您才可以以15 km / h的速度行驶。,在第三條軌道上上車，別忘了打開電源，然後反向切換到前進。 按住司機警惕裝置({0:N1})並駛至右側的盡頭，並在Стоп標誌附近停下。  離開車輛段時，您需要以5-7 km / h的速度行駛，在Г信號燈亮起後，您才可以以15 km / h的速度行駛。,"Entre no trem que está na linha 3, e não se esqueça de ligar as baterias e mudar o interruptor reverso para «Frente». SEGURE o botão Vigilância ({0:N1}) e dirija até a plataforma final e pare próximo a placa «Стоп». Você precisa dirigir a 5-7 km/h enquanto dirige para fora do prédio, depois «Г» do semáforo você pode acelerar para 15 km/h."
Lessons3.8,"Смените кабину ({0:N1}) и выйдите из поезда. Постройте вручную маршрут в канаву 16. Для этого вам нужны стрелки 6, 8, 10, 12, 20 и светофоры П-4, М-7, М-5. Обратите внимание, в первую очередь переключаются стрелки и только потом светофоры. Будьте внимательны, некоторые стрелки уже могут быть переключены в нужном направлении. ","Now change the cabin ({0:N1}) and walk out of the train. Build a route to track 16. You’ll need switches 6, 8, 10, 12, 20 and traffic lights П-4, М-7 and М-5. Be careful as some of them can already be in the correct position.","Wechseln Sie nun die Kabine ({0:N1}) und verlassen Sie den Zug. Erstellen Sie eine Route zu Spur 16. Sie benötigen die Weichen 6, 8, 10, 12, 20 und die Ampeln П-4, М-7 und М-5. Sein Sie vorsichtig, da einige von ihnen bereits in der richtigen Position sein können.","Maintenant, changez de cabine ({0:N1}) et sortez du train. Créez un chemin jusqu'à la voie 16. Vous devez paramétrez les aiguilles 6, 8, 10, 12 et 20 et les signaux П-4, М-7 et М-5. N'ouliez pas que certains d'entre eux peuvent être déjà paramétrés correctement.","Agora troque de cabine ({0:N1}) e saia do trem. Crie uma rota para a linha 16. Você precisará das faixas 6, 8, 10, 12, 20 e semáforos П-4, М-7 e М-5. Tenha cuidado, pois alguns deles já podem estar na posição correta.","Cambia la cabina ({0:N1}) e sale desde el tren. Crea la ruta hasta el puerto 16. Para eso usted necesita las flechas de numeros 6, 8, 10, 12, 20 e los semáforos П-4, М-7, М-5. ¡Atencion! Primero cambia la dericción de las flechas y solo despues enciende los semáforos. Algunas flechas ya pueden estar en dirección correcta.","Ora cambia la cabina ({0:N1}) ed esci fuori dal treno. Ora imposta una rotta verso la pista 16. Ti serviranno gli scambi 6, 8, 10, 12, 20 ed i segnali П-4, М-7 e М-5.  Fai attenzione, dato che alcuni degli elencati potrebbero essere gia' nella corretta posizione.","Acum poți schimba cabina ({0:N1}) și poți merge în afara trenului. Construiește un traseu spre linia 16. Va trebui să schimbi macazele 6, 8, 10, 12, 20 și semnalele П-4, М-7 și М-5. Atenție, unele pot fi deja în poziția corectă!","Şimdi diğer kabine geçin ({0:N1}) ve trenden çıkın. 16. ray hattına bir rota çizin. 6, 8, 10, 12, 20 anahtarlarına ve П-4, М-7 ve М-5 trafik ışıklarına ihtiyacınız olacak. Bazıları zaten doğru konumda olabilir, o yüzden dikkatli olun.","Zmień teraz kabinę ({0:N1}) i wyjdź z pociągu. Stwórz trasę do toru 16. Musisz ustawić zwrotnice 6, 8, 10, 12, 20 oraz sygnalizatory П-4, M-7 oraz M-5. Uważaj, część z nich może już być właściwie ustawiona.","Nyní změň kabinu ({0:N1}) a jdi ven z vlaku. Vytvoř trasu na kolej 16. Musíš přepnout 6, 8, 10, 12, 20 a semafory П-4, М-7 a М-5. Buď opatrný, některé z nich jsou již teď ve správné pozici.",,现在({0:N1})，换到另一个驾驶室，然后离开列车。 建立一条到16号轨道的路线。您将需要切换道岔6、8、10、12、20和交通灯П-4、М-7、М-5。 要留意，其中一些已经调整好了。,現在({0:N1})，換到另一個駕駛室，然後離開列車。 建立一條到16號軌道的路線。您將需要切換道岔6、8、10、12、20和交通燈П-4、М-7、М-5。 要留意，其中一些已經調整好了。,"Agora mude de cabine ({0:N1}) e vá para fora do trem. Planeje uma rota para a linha 16. Você precisa trocar as setas 6, 8, 10, 12, 20 e os semáforos П-4, М-7 e М-5. Tenha cuidado pois alguns deles já podem estar na posição correta."
Lessons3.9,"Вернитесь в поезд, поднявшись по лестнице у двери в кабину машиниста.",Now get back into the train using the ladder leading to the cabin.,"Gehen sie nun zurück in die Kabine, indem sie die Trittstufen benutzen.","Maintenant, remontez dans le train en utilisant l'échelle donnant sur la cabine.",Agora volte para o trem usando a escada principal para a cabine.,"Vuelve al tren, subiendo las escaleras en la puerta de la cabina del maquinista.","Ora rientra nella cabina, usando la scala.","Acum, mergi înapoi în tren, folosind scara care este lângă cabină.",Şimdi kabine giden merdiveni kullanarak trene geri dönün.,Teraz wsiądź spowrotem do pociągu za pomocą drabiny prowadzącej do kabiny.,Teď se vrať do vlaku použitím scodů vedoucích ke kabině.,,现在，通过梯子回到列车驾驶室上。,現在，通過梯子回到列車駕駛室上。,Agora entre de volta no trem usando a escada usando a escada que sobe até a cabine.
Lessons3.10,Поезжайте в 16 канаву и остановитесь у знака «8» передней части депо.,Drive to track 16 and stop near «8» sign.,Fahren sie zum Gleis 16 und halten sie in der Nähe des «8» Schildes,Conduisez jusqu'à la voie 16 et arrêtez vous prêt du panneau «8».,Dirija até a linha 16 e pare perto da placa «8».,"Recorre se y entra en la puerta 16, luego pare cerca de signo «8».",Guida verso la pista 16 e fermati vicino al cartello ,Mergi spre linia 16 și oprește-te lângă semnul «8».,16 no'lu ray hattına gidin ve «8» işaretinin yanında durun.,Jedź do toru 16 i zatrzymaj się w pobliżu znaku «8».,Jeď ke koleji 16 and a zastav u nápisu  «8».,,驶至16号轨道并停在«8»标志附近。,駛至16號軌道並停在«8»標誌附近。,Dirija até a linha 16 e pare próxima a placa «8».
Lessons3.11,Смените кабину.,Now change the cabin.,Wechsle nun den Führerstand,"Maintenant, changez de cabine.",Agora troque de cabine.,Cambie la cabina.,Ora cambia cabina.,Acum schimbă cabina.,Şimdi öbür kabine geçin.,Teraz zmień kabinę,Teď změň kabinu.,,现在更好驾驶室。,現在更好駕駛室。,Agora mude de cabine.
Lessons3.12,"Это окно маршрутизации. Для того, чтобы построить маршрут на линию, нажмите на кнопку «Солнцево».","This is the routing window. In order to build the route to the line, press «Sonltsevo».","Dies ist das Routing-Fenster. Um die Route zur Linie zu erstellen, drücken Sie «Sonltsevo».","Ceci est le panneau de création de chemin. Pour créer un chemin vers le reste de la ligne, cliquez sur «Sonltsevo».",Essa é a janela da rota. Você pode fechá-la no depósito se você não quiser planejar agora. Essas janelas são obrigatórias durante as linhas. Pressione «Contruir a rota para a linha»,"Eso es la ventana de enrutamiento. Para que crear ruta hasta linia pricnipal, haga un click en el botón «Солнцево».","Questa e' la finestra di «instradamento». Per impostare una rotta verso la linea, premi «Sonltsevo».","Acesta este ecranul care afișează traseul. Pentru a construi traseul spre linie, apasă «Sonltsevo».",Bu bir rota oluşturma penceresidir. Hattın rotasını oluşturmak için «Solntsevo» tuşuna basın.,"To jest okno tras. Aby zbudować trasę do konkretnej linii, naciśnij «Sonltsevo».","Toto je trasové okno. Nastav si trasu k lince, zmáčkni «Sonltsevo».",,这是线路选择面板。 现在建立通往该线路的路径，请选择太阳站,這是線路選擇面板。 現在建立通往該線路的路徑，請選擇太陽站,"Essa é a janela de planejamento de rota. Para construir uma rota até a linha, pressione «Sonltsevo»."
Lessons3.13,"Стрелки переключаются в нужном направлении автоматически, по готовности вам откроется светофор.","Arrows are now switching in the correct direction, and traffic lights are opening.","Die Weichen etc werden nun für Sie gestellt!","Les aiguillages sont correctement assignés, et les signaux sont ouverts.",As setas estão na posição correta e os semáforos estão abertos.,"En este casd todas las flechas cambian su dirección automatícamente.,Cuando todo será listo, se encenderá una señal blanca en el semáforo.","Le frecce ora sono state impostate nella corretta direzione, ed i segnali si stanno «aprendo».","Macazele se schimbă în poziția corectă, iar semnalele se deschid.",Oklar şimdi doğru yönde değişiyor ve trafik ışıkları açılıyor.,"Strzałki zmieniły się poprawnie, a sygnalizator jest teraz zielony.",Šipky jsou nyní přeplé správným směrem a semafory jsou otevřené.,,箭头已正确切换，信号灯现已打开。,箭頭已正確切換，信號燈現已打開。,"As setas estão na direção correta, e os semáforos estão abrindo."
Lessons3.14,Установите информатор на маршрут «Солнцево – Савёловская».,Set up the Auto-Informer to «Solntsevo – Savelovskaya».,Stelle nun den Auto Informer ein: Von Solntsevo nach Savelovskaya.,Paramétrez l'auto-informateur sur «Solntsevo – Savelovskaya».,Configure a Placa de Destino automática para «Solntsevo – Savelovskaya».,Elige en la pantalla de informador la ruta «Солнцево – Савёловская» («Solntsevo – Savelovskaya»).,"Imposta l'informatore automatico, da «Solntsevo» a «Savelovskaya».",Setează sistemul de informare pe «Solntsevo - Savelovskaya»,Otomatik Bilgilendiriciyi «Solntsevo - Savelovskaya» hattına göre ayarlayın.,Ustaw Auto-Informer na «Solntsevo - Savelovskaya».,Nastav autoinformátor na «Solntsevo – Savelovskaya».,,将自动报站器设置为太阳站 — 萨维奥洛沃站,將自動報站器設置為太陽站 — 薩維奧洛沃站,Ajuste o Auto-Informante para «Solntsevo – Savelovskaya».
Lessons3.15,"Можете выезжать, сохраняйте скорость не более 15 км/ч до знака «40 км/ч» в тоннеле.","Now you can drive, don’t go faster than 15 km/h until you pass «40 km/h» sign in the tunnel.","Fahr nun los! Beachte, dass du nicht schneller als 15 km/h fahren darfst, bis du das 40 km/h Schild im Tunnel überfährst!","Vous pouvez commencer à avancer, pas plus vite que 15 km/h jusqu'à ce que vous passez le panneau «40 км/ч» dans le tunnel.","Agora dirija, não ultrapesse 15 km/h até passar a placa «40 км/ч» no túnel.","Puede salir, mantenga velocidad no mas de 15 km/h hasta el signo 40 km/h en el túnel.","Ora puoi guidare, non superare i 15km/h, fallo solo dopo aver passato il cartello, indicante «40 km/h», nella galleria.","Acum poți conduce, dar nu depăși limita de 15 km/h până când nu treci de indicatorul «40 km/h» din tunel.",Artık treni sürmeye başlayabiliriz. Fakat tünelde «40 km/s» işaretini geçene kadar 15 km/s'den daha hızlı gitmeyin.,"Możesz jechać dalej, nie przekraczaj prędkości 15km/h, dopóki nie miniesz znaku «40 км / ч» w tunelu.","Teď můžeš jet, nejeď rychleji než 15 km/h dokud neprojedeš kolem nápisu «40 км/ч» v tunelu.",,现在您可以启动列车了，在您通过隧道中的40км/ч标记前，您不可以以超过15公里/小时的速度行驶。,現在您可以啟動列車了，在您通過隧道中的40км/ч標記前，您不可以以超過15公裏/小時的速度行駛。,"Agora você pode dirigir, não vá mais rápido que 15 km/h até que você passe a placa no túnel que diz «40 km/h»."
Lessons3.16,"Остановитесь у знака «8» и ждите разрешающей скорости. В разное время, ожидание может быть разным. ",Stop near the «8» sign and wait until you’re allowed to drive. The time you’ll have to wait can differ from time to time.,"Halte in der Nähe des 8 Schildes! Warte dann, bis du weiterfahren darfst! Dies Wartezeit ist immer unterschiedlich!",Arrêtez-vous près du panneau «8» et attendez l'autorisation de continuer. Le temps d'attente peut être variable.,Pare perto da placa «8» e espere até você ser autorizado a dirigir. O tempo que você terá que esperar poderá alterar de tempos e tempos.,Pare cerca del signo «8» y espera la velocidad permisiva. Cada vez que el tiempo de espera varía.,"Fermati vicino al cartello «8», ed aspetta finche' non sei autorizzato a guidare. Il tempo di attesa puo' cambiare. ",Oprește lângă semnul «8» și așteaptă până când îți este permis să conduci. Timpul de așteptare variază în funcție de momentul zilei. ,"«8» işaretinin yanında durun ve sürmenize izin verilene kadar bekleyin. Beklemek zorunda olduğunuz zaman, zaman zaman değişebilir.","Zatrzymaj się w pobliżu znaku «8» i poczekaj, aż będziesz mógł jechać dalej.","Zastav u nápisu «8» a počkej, dokud nedostaneš povolení k jízdě. Čas čekání může být různý.",,在8标志牌附近停下后等待直到允许您再次启动。 每次需要等待的时间可能会有所不同。,在8標誌牌附近停下後等待直到允許您再次啟動。 每次需要等待的時間可能會有所不同。,Pare próximo a placa «8» e espere até ser permitido continuar. O tempo de espera pode variar.
Lessons3.17,"Стрелка переведена, можете ехать.","Arrow is set correctly, now you can drive.",Die Weiche ist richtig gestellt! Du darfst weiterfahren!,"Les aiguillages sont prêts, vous pouvez continuer à conduire.","As setas foram devidamente direcionadas, agora você poderá dirigir.","La flecha cambió su dirección, usted puede pasar adelante.","La freccia e' impostate correttamente, ora puoi guidare.","Macazul este poziționat corect, acum poți conduce.","Makas okları doğru ayarlanmış, artık treni kullanabilirsiniz.","Zwrotnice są ustawione poprawnie, możesz teraz jechać.","Šipky jsou nastavené správně, teď můžeš jet.",,箭头设置正确，现在可以启动了。,箭頭設置正確，現在可以啟動了。,"As setas estão posicionadas corretamente, agora você pode dirigir."
Lessons3.18,"Поздравляем, вы прошли обучение! Депо Солнцево разблокировано на карте в свободном режиме игры.","Congratulations, you completed the tutorial! Solntsevo Depot is now available in Free Mode.","Glückwunsch, du hast es geschafft! Das Solntsevo Depot ist nun auch im FREIE FAHRT Modus befahrbar!",Félicitations ! Vous avez complété le tutoriel. Vous pouvez toujours accéder au dépot de Solntsevo en mode Trajet Libre.,"Parabéns, você completou o tutorial! O depósito Solntesevo está disponível no modo Passeio Livre.","¡Felicidades, usted pasó formación! El depo Солнцево es desbloqueado en el mapa en el modo de juego libre.",Congratulazioni! Hai completato il tutorial! Il deposito di Solntsevo e' ora disponibile nella modalita' «Libera».,"Felicitări, ai finalizat tutorialul! Depoul Solntsevo este acum disponibil în modul „Cursă Liberă”.","Tebrikler, öğreticiyi tamamladınız! Solntsevo Deposu artık Serbest Modda kullanılabilir.","Gratulacje, ukończyłeś samouczek! Zajezdnia Solntsevo jest od teraz dostępna w trybie dowolnym.","Gratuluji, dokončil jsi tutoriál! Depo Solntsevo je teď dostupné ve volném módu.",,恭喜，您已完成本教程！太阳车辆段现在可在自由模式下使用。,恭喜，您已完成本教程！太陽車輛段現在可在自由模式下使用。,"Parabéns, você completou o tutorial! O Depósito Solntsevo agora está disponível no Modo Livre."
NameLesson3,Движение в депо,Navigating in Depot,Im Depot navigieren.,Naviguer dans le dépot,Navegando pelo Depósito,Movimiento en el depo,Navigazione nel deposito.,Navigând prin depou,Depo'da Gezinme,Nawigacja w zajezdni,Navigování do depa,,车辆段导航,車輛段導航,Navegando no Deposito.
DescriptionLesson3,"Вы познакомитесь с депо Солнцево, узнаете, как работает сигнализация и маршрутизация, как осуществлять движение на территории депо.",You are going to learn how traffic lights and automatic routing work and how to properly drive in the Depot.,"Du wirst lernen, wie Signale, automatisches Routing und Fahren im Depot funktioniert.",Vous allez apprendre comment les signaux et le routage automatique fonctionnent et comment conduire dans le dépot.,"Você irá aprender sobre as luzes de tráfeco, o trabalho de rotas automáticas e como dirigir corretamente no Depósito.","Usted se familiarizará con el depó Solntsevo, aprenderá cómo funciona la señalización y el enrutamiento, cómo llevar a cabo el movimiento en el territorio del depó.",Ora imparerai come a usare i segnali ed il settaggio automatico. Inoltre imparerai anche a come guidare all'interno del deposito.,"Acum vei învăța cum funcționează semnalele, traseele automate și cum să mergi prin depou.","Trafik ışıklarının, otomatik yönlendirmenin nasıl çalıştığını ve Depo'da nasıl düzgün bir şekilde sürüleceğini öğreneceksiniz.","Dowiesz się tutaj, jak działa oświetlenie i automatyczne wyznaczanie trasy, oraz jak prawidłowo jeździć po zajezdni.","Dozvíš se, jak ovládat semafory a automatické směrování a jak správně řídit v depu.",,您将学习信号灯和自动选线的工作原理以及如何在车辆段规范行驶,您將學習信號燈和自動選線的工作原理，以及如何在車輛段規範行駛,Agora você irá aprender como os semáforos e rotas automáticas funcionam e como dirigir apropriadamente no Depósito.
Lessons3.19,"Вы превысили разрешенную скорость. Сработало экстренное торможение. Чтобы продолжить движение, вам нужно отключить тумблер экстренного торможения. Когда включено экстренное торможение, а скорость уже опустилась до разрешенного значения, можно нажать кнопку «Восприятие торможения» ({0:N1}) для того, чтобы отключить торможение. Также можно продолжить движение после полной остановки переключением реверса. Внимание! Перед этим обязательно переключите контроллер хода в «Выбег» или любую позицию торможения чтобы поезд не начал движение сразу же после переключении реверса.","You have exceeded the maximum speed limit. The emergency braking was engaged. You need to disable emergency braking switch in order to continue movement. If emergency braking has been activated, but speed has fallen below the speed limit, you can press «Braking cancellation» ({0:N1}) to deactivate emergency braking system. Also, you can move the reverse switch to Neutral and then back to Forward position to start moving after the train has fully stopped. Move the reverse switch to neutral position and move it back to «Forward». Warning! Do not forget to move the controller to «Neutral» or any braking position before doing that. Otherwise, the train will start moving just after you set reverse switch to «Forward».","Sie haben die Höchstgeschwindigkeit überschritten. Die Notbremsung wurde aktiviert. Sie müssen den Notbremsschalter deaktivieren, um die Fahrt fortzusetzen. Wenn die Notbremsung aktiviert wurde, die Geschwindigkeit jedoch unter die Geschwindigkeitsgrenze gefallen ist, können Sie die Notbremsanlage durch Drücken von «Bremsenannullierung» ({0:N1}) deaktivieren. Außerdem müssen Sie den Rückwärtsgangschalter auf Neutral und dann wieder in die Vorwärtsposition bringen und losfahren, nachdem der Zug vollständig angehalten hat. Bringen Sie den Rückwärtsschalter in die neutrale Position und bringen Sie ihn zurück auf «Vorwärts». Warnung! Vergessen Sie nicht, den Regler vorher auf «Neutral» oder eine andere Bremsposition zu bringen. Andernfalls fährt der Zug unmittelbar nach dem Umschalten auf «Vorwärts» los.","Vous avez enfreint la limite de vitesse et le freinage d’urgence a été activé. Vous devez désactiver l’interrupteur de freinage d’urgence pour continuer à avancer. Si le frein d'urgence a été activé mais que votre vitesse est repassée en dessous de la limite, vous pouvez appuyer sur «Annulation de freinage» ({0:N1}) pour désactiver le freinage d'urgence. Vous pouvez ainsi déplacer la manette d'inverseur sur Neutre, puis sur Marche avant pour procéder à nouveau après l'arrêt complet du train. Déplacez la manette d’inverseur sur la position «Neutre» et à nouveau sur «Marche avant». Attention ! N’oubliez pas de déplacer la manette de traction/freinage sur la position neutre ou n’importe quelle position de frein avant de réaliser cette action, sinon, le train commencera directement à avancer juste après que vous ayez placé la manette d’inverseur sur «Marche avant».","Você excedeu o limite máximo de velocidade. A frenagem de emergência foi acionada. Você precisa desativar o interruptor de frenagem de emergência para continuar o movimento. Se a frenagem de emergência foi ativada, mas a velocidade caiu abaixo do limite de velocidade, você pode pressionar «Cancelamento de frenagem» ({0:N1}) para desativar o sistema de frenagem de emergência. Além disso, você pode mover o interruptor de reversão para Neutro e depois voltar para a posição de Avanço para começar a se mover depois que o trem estiver totalmente parado. Mova o interruptor de reversão para a posição neutra e mova-o de volta para «Avançar». Aviso! Não se esqueça de mover o controlador para «Neutro» ou qualquer posição de frenagem antes de fazer isso. Caso contrário, o trem começará a se mover logo após você colocar o interruptor de reversão em «Avançar».","Acabas de exceder la velocidad máxima. Los frenos de emergencia fueron activados. Necesitas desactivarlos con el interruptor de frenos de emergencia para continuar el recorrido. Si el freno de emergencia fue activado pero la velocidad disminuyó por debajo del límite de velocidad, puedes presionar el boton de «Cancelación de freno» con el botón ({0:N1}) para desactivar el sistema de frenos de emergencia. También puedes mover el controlador inverso a «Neutral» y reubicarlo en «Avanzar» para comenzar a moverte una vez que el tren se haya detenido por completo. Mueve el controlador inverso a la posición «Neutral» y luego hacia «Avanzar». ¡Advertencia! No olvides mover el controlador hacia Neutral o hacia alguna posición de freno antes de hacer eso, de lo contrario el tren comenzará a moverse inmediatamente después de cambiar a la posición «Avanzar».","Hai superato il limite massimo di velocità. La frenata d'emergenza era impegnata. È necessario disabilitare l'interruttore di frenata di emergenza per continuare il movimento. Se la frenatura di emergenza è stata attivata, ma la velocità è scesa sotto il limite di velocità, è possibile premere «Cancellazione frenata» ({0:N1}) per disattivare il sistema di frenata di emergenza. Inoltre, puoi spostare l'interruttore di retromarcia su Neutro e poi di nuovo su Avanti per iniziare a muoverti dopo che il treno si è fermato completamente. Spostare l'interruttore di retromarcia in posizione neutra e riportarlo su «Avanti». Avvertimento! Non dimenticare di spostare il controller su «Neutro» o qualsiasi posizione di frenata prima di farlo. Altrimenti, il treno inizierà a muoversi subito dopo aver impostato l'interruttore di retromarcia su «Avanti».","Ai depășit viteza maximă admisă. Frâna de urgență a fost aplicată. Trebuie să o dezactivezi pentru a continua călătoria. Dacă frânea de urgență a fost activată, dar viteza a scăzut sub cea limită, apasă butonul «Anulare frână» ({0:N1})  pentru a dezactiva sistemul de frânare de urgență. De asemenea, poți muta inversorul în poziția neutră și după în poziția «Înainte» numai după ce trenul este complet oprit. Mută inversorul în poziția neutră și după în poziția «Înainte». Atenție! Nu uita să pui manșa pe neutru sau orice poziție de frânare înainte de a face asta. Altfel, trenul va porni numai după ce setezi inversorul pe «Înainte».","Maksimum hız sınırını aştınız. Acil durum freni devreye girdi. Harekete devam etmek için acil durum fren anahtarını devre dışı bırakmanız gerekir. Acil frenleme etkinleştirildiyse, ancak hız, hız sınırının altına düştüyse, acil fren sistemini devre dışı bırakmak için «Fren iptali» ({0:N1}) tuşuna basabilirsiniz. Ayrıca, tren tamamen durduktan sonra hareket etmeye başlamak için vites kolunu Boş'a ve ardından İleri konumuna geri getirebilirsiniz. Uyarı! Bunu yapmadan önce kontrol cihazını «Boşta» konumuna veya herhangi bir fren konumuna getirmeyi unutmayın. Aksi takdirde, vitesi «İleri» konumuna getirdikten hemen sonra tren hareket etmeye başlayacaktır.","Przekroczyłeś limit prędkości. Został uruchomiony hamulec awaryjny. Musisz go wyłączyć aby móc jechać dalej. Jeżeli został aktywowany hamulec awaryjny i predkość jazdy spadła poniżej dopuszczalnej, możesz deaktywować hamowanie przyciskiem ({0:N1}). Jeżeli pociąg zdążył się w pełni zatrzymać, przestaw nastawnik jazdy do pozycji «Neutralny», a nastepnie ponownie do pozycji «Naprzód» aby zacząć ponownie jechać. Uważaj! Nie zapomnij wcześniej ustawić regulacji szybkości do pozycji «Neutralny», w przeciwnym wypadku pociąg zacznie jechać od razu po zadaniu jazdy «Naprzód».","Překročili jste maximální povolenou rychlost. Došlo k nouzovému brzdění. Chcete-li pokračovat v pohybu, musíte vypnout nouzový brzdový spínač. Pokud bylo aktivováno nouzové brzdění, ale rychlost klesla pod mez rychlosti, můžete stisknout «zrušení brzdění» ({0:N1}) pro deaktivaci nouzového brzdového systému. Můžete také posunout zpětný spínač na neutrální a potom zpět do polohy vpřed a začít se pohybovat po úplném zastavení vlaku. Přepněte přepínač zpět do neutrální polohy a posuňte jej zpět do polohy «vpřed». Varování! Než to uděláte, nezapomeňte přepnout regulátor do polohy «Neutral» nebo do jakékoli polohy brzdění. V opačném případě se vlak začne pohybovat právě poté, co nastavíte přepínač zpět do polohy «vpřed».",,您已超速 紧急制动已经打开 您需要关闭紧急制动才能继续前进 先将档位调至空档然后将其调回到前进的位置  警告！在此之前，不要忘记将控制器移动到空档或任何制动位置 否则，列车将在您将档位调为前进后立即开始移动。{0:N1},您已超速 緊急制動已經打開 您需要關閉緊急制動才能繼續前進 先將檔位調至空檔然後將其調回到前進的位置 警告！在此之前，不要忘記將控制器移動到空檔或任何制動位置 否則，列車將在您將檔位調為前進後立即開始移動。{0:N1},"Você excedeu o limite de velocidade. Os freios de emergência foram ativados. Você precisa desativar o interruptor de freios de emergência para continuar a se mover. Se os freios de emergência estão ativos, porém a velocidade ainda não caiu a abaixo do limite de velocidade, você pode pressionar «Cancelamento de frenagem» ({0:N1}) para desativar o sistema de freios de emergência. Além disso, você pode mudar o interruptor reverso para a posição neutro e depois para «Forward». Aviso! Não se esqueça de mudar o interruptor para posição «Neutra» ou qualquer outra posição de frenagem antes de fazer isso. Caso contrário, o trem só vai voltar a se mover depois que você mudar o interruptor reverso para «Forward»."